<TICKER>,<PER>,<DATE>,<TIME>,<OPEN>,<HIGH>,<LOW>,<CLOSE>,<VOL>,<OPENINT>
EDR.US,60,20240411,160000,26.44,26.45,26.3802,26.415,245778,0
EDR.US,60,20240411,170000,26.41,26.47,26.4,26.435,357305,0
EDR.US,60,20240411,180000,26.435,26.435,26.37,26.42,298810,0
EDR.US,60,20240411,190000,26.42,26.42,26.4,26.405,141073,0
EDR.US,60,20240411,200000,26.41,26.415,26.4,26.405,128633,0
EDR.US,60,20240411,210000,26.405,26.415,26.385,26.39,692159,0
EDR.US,60,20240411,220000,26.395,26.41,26.39,26.4,685202,0
EDR.US,60,20240412,160000,26.4,26.42,26.35,26.42,408287,0
EDR.US,60,20240412,170000,26.415,26.48,26.39,26.43,941937,0
EDR.US,60,20240412,180000,26.435,26.455,26.42,26.445,105007,0
EDR.US,60,20240412,190000,26.45,26.46,26.4,26.415,441854,0
EDR.US,60,20240412,200000,26.41,26.44,26.4,26.415,551906,0
EDR.US,60,20240412,210000,26.415,26.43,26.41,26.415,282243,0
EDR.US,60,20240412,220000,26.41,26.43,26.4,26.41,1006749,0
EDR.US,60,20240415,160000,26.4,26.5,26.395,26.47,438476,0
EDR.US,60,20240415,170000,26.47,26.51,26.45,26.45,307935,0
EDR.US,60,20240415,180000,26.45,26.5094,26.44,26.475,386424,0
EDR.US,60,20240415,190000,26.4775,26.49,26.44,26.46,149704,0
EDR.US,60,20240415,200000,26.45,26.46,26.425,26.445,533705,0
EDR.US,60,20240415,210000,26.445,26.45,26.39,26.395,1327006,0
EDR.US,60,20240415,220000,26.395,26.41,26.38,26.38,1712889,0
EDR.US,60,20240416,160000,26.39,26.44,26.37,26.375,508726,0
EDR.US,60,20240416,170000,26.371,26.4,26.35,26.385,1984825,0
EDR.US,60,20240416,180000,26.385,26.39,26.36,26.36,1992391,0
EDR.US,60,20240416,190000,26.36,26.39,26.355,26.37,261967,0
EDR.US,60,20240416,200000,26.365,26.37,26.36,26.36,214586,0
EDR.US,60,20240416,210000,26.36,26.37,26.29,26.32,2021046,0
EDR.US,60,20240416,220000,26.32,26.39,26.31,26.36,1008430,0
EDR.US,60,20240417,160000,26.4,26.4,26.32,26.37,1304802,0
EDR.US,60,20240417,170000,26.36,26.3668,26.315,26.355,454144,0
EDR.US,60,20240417,180000,26.355,26.36,26.3,26.335,699769,0
EDR.US,60,20240417,190000,26.335,26.34,26.3,26.335,1336981,0
EDR.US,60,20240417,200000,26.335,26.355,26.33,26.345,291155,0
EDR.US,60,20240417,210000,26.34,26.36,26.32,26.325,493169,0
EDR.US,60,20240417,220000,26.325,26.34,26.3,26.33,1529181,0
EDR.US,60,20240418,160000,26.33,26.38,26.32,26.351,1450334,0
EDR.US,60,20240418,170000,26.35,26.4,26.34,26.375,846274,0
EDR.US,60,20240418,180000,26.37,26.385,26.36,26.37,104693,0
EDR.US,60,20240418,190000,26.375,26.38,26.35,26.38,332275,0
EDR.US,60,20240418,200000,26.37,26.39,26.37,26.375,218026,0
EDR.US,60,20240418,210000,26.37,26.39,26.35,26.35,597387,0
EDR.US,60,20240418,220000,26.35,26.45,26.35,26.44,838787,0
EDR.US,60,20240419,160000,26.4,26.4,26.34,26.4,126171,0
EDR.US,60,20240419,170000,26.395,26.42,26.385,26.405,132807,0
EDR.US,60,20240419,180000,26.405,26.41,26.38,26.385,181035,0
EDR.US,60,20240419,190000,26.39,26.42,26.38,26.41,204561,0
EDR.US,60,20240419,200000,26.415,26.42,26.4,26.405,60166,0
EDR.US,60,20240419,210000,26.41,26.42,26.395,26.405,75480,0
EDR.US,60,20240419,220000,26.405,26.49,26.4,26.49,293064,0
EDR.US,60,20240422,160000,26.49,26.54,26.45,26.5,131688,0
EDR.US,60,20240422,170000,26.505,26.52,26.48,26.51,316824,0
EDR.US,60,20240422,180000,26.505,26.505,26.475,26.48,97808,0
EDR.US,60,20240422,190000,26.48,26.48,26.45,26.455,47133,0
EDR.US,60,20240422,200000,26.455,26.485,26.45,26.48,84667,0
EDR.US,60,20240422,210000,26.475,26.475,26.44,26.46,119323,0
EDR.US,60,20240422,220000,26.455,26.46,26.41,26.42,534557,0
EDR.US,60,20240423,160000,26.45,26.49,26.45,26.46,67548,0
EDR.US,60,20240423,170000,26.465,26.465,26.41,26.415,270918,0
EDR.US,60,20240423,180000,26.41,26.418,26.39,26.405,193013,0
EDR.US,60,20240423,190000,26.405,26.41,26.38,26.385,105883,0
EDR.US,60,20240423,200000,26.385,26.405,26.38,26.4,114609,0
EDR.US,60,20240423,210000,26.4,26.4,26.39,26.395,234270,0
EDR.US,60,20240423,220000,26.395,26.4,26.35,26.35,1039220,0
EDR.US,60,20240424,160000,26.38,26.43,26.36,26.405,729370,0
EDR.US,60,20240424,170000,26.405,26.42,26.37,26.375,192989,0
EDR.US,60,20240424,180000,26.37,26.38,26.335,26.345,161160,0
EDR.US,60,20240424,190000,26.345,26.37,26.34,26.365,107335,0
EDR.US,60,20240424,200000,26.365,26.39,26.36,26.375,303859,0
EDR.US,60,20240424,210000,26.38,26.4,26.37,26.385,317338,0
EDR.US,60,20240424,220000,26.39,26.44,26.38,26.44,1404438,0
EDR.US,60,20240425,160000,26.37,26.41,26.34,26.365,125036,0
EDR.US,60,20240425,170000,26.365,26.41,26.365,26.405,123419,0
EDR.US,60,20240425,180000,26.4025,26.46,26.4,26.46,63313,0
EDR.US,60,20240425,190000,26.465,26.49,26.46,26.475,162077,0
EDR.US,60,20240425,200000,26.475,26.485,26.455,26.465,173635,0
EDR.US,60,20240425,210000,26.465,26.465,26.43,26.445,99298,0
EDR.US,60,20240425,220000,26.445,26.47,26.43,26.43,572918,0
EDR.US,60,20240426,160000,26.46,26.475,26.41,26.475,100304,0
EDR.US,60,20240426,170000,26.475,26.51,26.47,26.49,136116,0
EDR.US,60,20240426,180000,26.49,26.5,26.47,26.495,119748,0
EDR.US,60,20240426,190000,26.495,26.5,26.48,26.5,97652,0
EDR.US,60,20240426,200000,26.495,26.5281,26.49,26.505,303205,0
EDR.US,60,20240426,210000,26.505,26.505,26.47,26.475,177379,0
EDR.US,60,20240426,220000,26.47,26.51,26.46,26.5,529570,0
EDR.US,60,20240429,160000,26.48,26.53,26.45,26.475,132006,0
EDR.US,60,20240429,170000,26.47,26.5,26.45,26.45,254727,0
EDR.US,60,20240429,180000,26.45,26.47,26.42,26.47,179066,0
EDR.US,60,20240429,190000,26.465,26.475,26.44,26.47,167923,0
EDR.US,60,20240429,200000,26.47,26.48,26.46,26.46,78586,0
EDR.US,60,20240429,210000,26.465,26.4775,26.46,26.46,210285,0
EDR.US,60,20240429,220000,26.465,26.47,26.44,26.45,1321982,0
EDR.US,60,20240430,160000,26.44,26.46,26.42,26.45,202640,0
EDR.US,60,20240430,170000,26.455,26.47,26.425,26.45,640831,0
EDR.US,60,20240430,180000,26.445,26.45,26.4,26.425,1744032,0
EDR.US,60,20240430,190000,26.425,26.43,26.4,26.42,181230,0
EDR.US,60,20240430,200000,26.415,26.42,26.39,26.42,192806,0
EDR.US,60,20240430,210000,26.41,26.42,26.4,26.405,239609,0
EDR.US,60,20240430,220000,26.4,26.43,26.39,26.41,2604868,0
EDR.US,60,20240501,160000,26.41,26.45,26.39,26.43,234916,0
EDR.US,60,20240501,170000,26.43,26.44,26.4,26.415,284009,0
EDR.US,60,20240501,180000,26.415,26.42,26.4,26.415,186221,0
EDR.US,60,20240501,190000,26.415,26.435,26.41,26.415,215148,0
EDR.US,60,20240501,200000,26.415,26.42,26.395,26.415,169586,0
EDR.US,60,20240501,210000,26.42,26.475,26.41,26.465,423103,0
EDR.US,60,20240501,220000,26.465,26.475,26.39,26.41,599492,0
EDR.US,60,20240502,160000,26.45,26.49,26.44,26.4807,110291,0
EDR.US,60,20240502,170000,26.48,26.52,26.47,26.515,218232,0
EDR.US,60,20240502,180000,26.515,26.56,26.51,26.525,481615,0
EDR.US,60,20240502,190000,26.525,26.54,26.51,26.52,103516,0
EDR.US,60,20240502,200000,26.515,26.53,26.5,26.505,102102,0
EDR.US,60,20240502,210000,26.505,26.51,26.48,26.485,166784,0
EDR.US,60,20240502,220000,26.485,26.51,26.46,26.49,687682,0
EDR.US,60,20240506,160000,26.52,26.54,26.5,26.525,151205,0
EDR.US,60,20240506,170000,26.53,26.54,26.5,26.5,387695,0
EDR.US,60,20240506,180000,26.5,26.52,26.49,26.495,467707,0
EDR.US,60,20240506,190000,26.495,26.51,26.49,26.505,322151,0
EDR.US,60,20240506,200000,26.505,26.52,26.46,26.46,266830,0
EDR.US,60,20240506,210000,26.46,26.505,26.46,26.49,552153,0
EDR.US,60,20240506,220000,26.49,26.49,26.45,26.46,659124,0
EDR.US,60,20240507,160000,26.5,26.52,26.48,26.505,181971,0
EDR.US,60,20240507,170000,26.505,26.52,26.5,26.505,90862,0
EDR.US,60,20240507,180000,26.505,26.51,26.485,26.495,568312,0
EDR.US,60,20240507,190000,26.49,26.5,26.47,26.475,363554,0
EDR.US,60,20240507,200000,26.475,26.49,26.47,26.47,301418,0
EDR.US,60,20240507,210000,26.47,26.475,26.46,26.465,354849,0
EDR.US,60,20240507,220000,26.465,26.47,26.45,26.46,641914,0
EDR.US,60,20240508,160000,26.47,26.5,26.44,26.48,212748,0
EDR.US,60,20240508,170000,26.48,26.48,26.47,26.475,80344,0
EDR.US,60,20240508,180000,26.475,26.48,26.46,26.48,104422,0
EDR.US,60,20240508,190000,26.48,26.48,26.46,26.46,71802,0
EDR.US,60,20240508,200000,26.46,26.47,26.46,26.465,112486,0
EDR.US,60,20240508,210000,26.465,26.47,26.45,26.46,80105,0
EDR.US,60,20240508,220000,26.455,26.49,26.45,26.47,756988,0
EDR.US,60,20240509,160000,26.46,26.49,26.42,26.42,1082362,0
EDR.US,60,20240509,170000,26.42,26.445,26.39,26.415,1290266,0
EDR.US,60,20240509,180000,26.42,26.43,26.395,26.42,1362511,0
EDR.US,60,20240509,190000,26.41,26.44,26.4,26.405,884731,0
EDR.US,60,20240509,200000,26.4,26.455,26.4,26.425,548939,0
EDR.US,60,20240509,210000,26.425,26.43,26.39,26.395,1576270,0
EDR.US,60,20240509,220000,26.4,26.43,26.39,26.41,1059286,0
EDR.US,60,20240510,160000,26.46,26.46,26.4,26.41,701457,0
EDR.US,60,20240510,170000,26.405,26.44,26.4,26.435,1118195,0
EDR.US,60,20240510,180000,26.43,26.475,26.43,26.475,584052,0
EDR.US,60,20240510,190000,26.475,26.48,26.44,26.4525,682091,0
EDR.US,60,20240510,200000,26.455,26.47,26.41,26.435,732228,0
EDR.US,60,20240510,210000,26.435,26.48,26.42,26.475,616545,0
EDR.US,60,20240510,220000,26.471,26.49,26.46,26.47,467705,0
EDR.US,60,20240513,160000,26.49,26.49,26.45,26.47,145821,0
EDR.US,60,20240513,170000,26.47,26.47,26.46,26.47,56735,0
EDR.US,60,20240513,180000,26.47,26.47,26.46,26.47,85972,0
EDR.US,60,20240513,190000,26.47,26.47,26.4,26.41,604247,0
EDR.US,60,20240513,200000,26.415,26.46,26.41,26.45,214516,0
EDR.US,60,20240513,210000,26.455,26.46,26.43,26.45,91438,0
EDR.US,60,20240513,220000,26.44,26.49,26.42,26.49,783251,0
EDR.US,60,20240514,160000,26.47,26.51,26.46,26.51,131078,0
EDR.US,60,20240514,170000,26.5,26.53,26.49,26.49,191104,0
EDR.US,60,20240514,180000,26.49,26.51,26.49,26.49,71973,0
EDR.US,60,20240514,190000,26.495,26.5,26.48,26.5,212679,0
EDR.US,60,20240514,200000,26.495,26.54,26.4921,26.525,368083,0
EDR.US,60,20240514,210000,26.525,26.55,26.52,26.535,486138,0
EDR.US,60,20240514,220000,26.53,26.54,26.52,26.54,536887,0
EDR.US,60,20240515,160000,26.54,26.59,26.54,26.575,239078,0
EDR.US,60,20240515,170000,26.573,26.64,26.565,26.62,163033,0
EDR.US,60,20240515,180000,26.62,26.67,26.61,26.6611,543131,0
EDR.US,60,20240515,190000,26.66,26.66,26.62,26.63,106811,0
EDR.US,60,20240515,200000,26.63,26.64,26.61,26.61,177347,0
EDR.US,60,20240515,210000,26.61,26.65,26.6,26.65,227785,0
EDR.US,60,20240515,220000,26.65,26.69,26.62,26.62,647127,0
EDR.US,60,20240516,160000,26.65,26.71,26.65,26.68,129429,0
EDR.US,60,20240516,170000,26.675,26.69,26.65,26.67,137629,0
EDR.US,60,20240516,180000,26.665,26.685,26.65,26.68,106051,0
EDR.US,60,20240516,190000,26.68,26.7,26.67,26.695,996667,0
EDR.US,60,20240516,200000,26.695,26.7,26.67,26.675,151042,0
EDR.US,60,20240516,210000,26.675,26.724,26.67,26.705,353165,0
EDR.US,60,20240516,220000,26.705,26.71,26.675,26.7,495398,0
EDR.US,60,20240517,160000,26.69,26.745,26.66,26.725,1019779,0
EDR.US,60,20240517,170000,26.725,26.75,26.71,26.75,263881,0
EDR.US,60,20240517,180000,26.745,26.76,26.73,26.755,195292,0
EDR.US,60,20240517,190000,26.755,26.77,26.74,26.755,164635,0
EDR.US,60,20240517,200000,26.755,26.76,26.72,26.72,209670,0
EDR.US,60,20240517,210000,26.725,26.73,26.71,26.71,238967,0
EDR.US,60,20240517,220000,26.72,26.74,26.68,26.71,891158,0
EDR.US,60,20240520,160000,26.68,26.75,26.66,26.705,105140,0
EDR.US,60,20240520,170000,26.705,26.77,26.705,26.7601,92948,0
EDR.US,60,20240520,180000,26.76,26.77,26.75,26.76,123941,0
EDR.US,60,20240520,190000,26.76,26.79,26.75,26.79,137541,0
EDR.US,60,20240520,200000,26.785,26.81,26.785,26.795,326852,0
EDR.US,60,20240520,210000,26.795,26.82,26.79,26.82,796637,0
EDR.US,60,20240520,220000,26.82,26.96,26.81,26.94,1308505,0
EDR.US,60,20240521,160000,26.9,26.945,26.82,26.91,150163,0
EDR.US,60,20240521,170000,26.915,27.01,26.915,26.97,298914,0
EDR.US,60,20240521,180000,26.965,26.965,26.845,26.85,355507,0
EDR.US,60,20240521,190000,26.855,26.92,26.845,26.9,704848,0
EDR.US,60,20240521,200000,26.905,26.91,26.81,26.825,262225,0
EDR.US,60,20240521,210000,26.83,26.84,26.8,26.805,327066,0
EDR.US,60,20240521,220000,26.805,26.83,26.77,26.77,1853340,0
EDR.US,60,20240522,160000,26.78,26.8119,26.76,26.8,295524,0
EDR.US,60,20240522,170000,26.8,26.81,26.76,26.76,600963,0
EDR.US,60,20240522,180000,26.765,26.77,26.76,26.77,789507,0
EDR.US,60,20240522,190000,26.765,26.78,26.76,26.77,126980,0
EDR.US,60,20240522,200000,26.765,26.77,26.76,26.77,129484,0
EDR.US,60,20240522,210000,26.76,26.77,26.76,26.765,175542,0
EDR.US,60,20240522,220000,26.76,26.77,26.72,26.73,545679,0
EDR.US,60,20240523,160000,26.77,26.81,26.7,26.77,218929,0
EDR.US,60,20240523,170000,26.765,26.77,26.73,26.73,148159,0
EDR.US,60,20240523,180000,26.73,26.75,26.73,26.745,185573,0
EDR.US,60,20240523,190000,26.74,26.75,26.73,26.73,199967,0
EDR.US,60,20240523,200000,26.73,26.74,26.705,26.705,327790,0
EDR.US,60,20240523,210000,26.705,26.71,26.66,26.705,603765,0
EDR.US,60,20240523,220000,26.7,26.74,26.7,26.71,580871,0
EDR.US,60,20240524,160000,26.77,26.84,26.74,26.825,231948,0
EDR.US,60,20240524,170000,26.82,26.86,26.81,26.82,242268,0
EDR.US,60,20240524,180000,26.815,26.84,26.815,26.83,41276,0
EDR.US,60,20240524,190000,26.835,26.84,26.825,26.825,26192,0
EDR.US,60,20240524,200000,26.825,26.83,26.805,26.815,104855,0
EDR.US,60,20240524,210000,26.815,26.8275,26.81,26.81,45515,0
EDR.US,60,20240524,220000,26.82,26.84,26.76,26.77,668094,0
EDR.US,60,20240528,160000,26.75,26.78,26.68,26.72,147499,0
EDR.US,60,20240528,170000,26.73,26.76,26.725,26.76,137379,0
EDR.US,60,20240528,180000,26.755,26.78,26.75,26.775,23566,0
EDR.US,60,20240528,190000,26.77,26.78,26.75,26.77,417450,0
EDR.US,60,20240528,200000,26.765,26.81,26.75,26.78,489644,0
EDR.US,60,20240528,210000,26.775,26.8,26.755,26.765,231407,0
EDR.US,60,20240528,220000,26.765,26.78,26.72,26.75,1046604,0
EDR.US,60,20240529,160000,26.71,26.779,26.7,26.775,66698,0
EDR.US,60,20240529,170000,26.78,26.805,26.76,26.78,343801,0
EDR.US,60,20240529,180000,26.775,26.81,26.77,26.805,205242,0
EDR.US,60,20240529,190000,26.8,26.815,26.78,26.795,161814,0
EDR.US,60,20240529,200000,26.795,26.81,26.78,26.785,142849,0
EDR.US,60,20240529,210000,26.79,26.79,26.76,26.775,71038,0
EDR.US,60,20240529,220000,26.775,26.79,26.75,26.76,446981,0
EDR.US,60,20240530,160000,26.75,26.79,26.73,26.78,92663,0
EDR.US,60,20240530,170000,26.7801,26.87,26.77,26.85,189737,0
EDR.US,60,20240530,180000,26.86,26.87,26.835,26.84,62569,0
EDR.US,60,20240530,190000,26.84,26.845,26.81,26.815,166636,0
EDR.US,60,20240530,200000,26.815,26.83,26.79,26.795,194346,0
EDR.US,60,20240530,210000,26.795,26.8,26.775,26.79,144981,0
EDR.US,60,20240530,220000,26.79,26.8,26.75,26.76,583432,0
EDR.US,60,20240531,160000,26.78,26.785,26.75,26.775,55660,0
EDR.US,60,20240531,170000,26.77,26.78,26.76,26.765,61095,0
EDR.US,60,20240531,180000,26.765,26.78,26.75,26.755,115118,0
EDR.US,60,20240531,190000,26.755,26.77,26.755,26.76,78548,0
EDR.US,60,20240531,200000,26.77,26.77,26.76,26.77,36292,0
EDR.US,60,20240531,210000,26.765,26.77,26.76,26.765,44216,0
EDR.US,60,20240531,220000,26.77,26.83,26.765,26.83,320675,0
EDR.US,60,20240603,160000,26.79,26.85,26.77,26.785,223176,0
EDR.US,60,20240603,170000,26.785,26.85,26.78,26.84,130956,0
EDR.US,60,20240603,180000,26.84,26.845,26.82,26.82,134235,0
EDR.US,60,20240603,190000,26.82,26.835,26.81,26.835,161793,0
EDR.US,60,20240603,200000,26.835,26.865,26.82,26.85,216734,0
EDR.US,60,20240603,210000,26.84,26.85,26.81,26.815,191650,0
EDR.US,60,20240603,220000,26.815,26.88,26.81,26.88,1119428,0
EDR.US,60,20240604,160000,26.85,26.85,26.81,26.82,153033,0
EDR.US,60,20240604,170000,26.82,26.83,26.8,26.805,158816,0
EDR.US,60,20240604,180000,26.8,26.82,26.795,26.81,276548,0
EDR.US,60,20240604,190000,26.81,26.85,26.8,26.84,296222,0
EDR.US,60,20240604,200000,26.84,26.84,26.81,26.82,162443,0
EDR.US,60,20240604,210000,26.815,26.82,26.8,26.8,495786,0
EDR.US,60,20240604,220000,26.805,26.83,26.785,26.82,906591,0
EDR.US,60,20240605,160000,26.82,26.87,26.81,26.855,251765,0
EDR.US,60,20240605,170000,26.85,26.88,26.84,26.865,381340,0
EDR.US,60,20240605,180000,26.865,26.92,26.86,26.89,287146,0
EDR.US,60,20240605,190000,26.9,26.92,26.89,26.91,240533,0
EDR.US,60,20240605,200000,26.915,26.925,26.88,26.88,181380,0
EDR.US,60,20240605,210000,26.885,26.89,26.87,26.875,153075,0
EDR.US,60,20240605,220000,26.87,26.91,26.83,26.86,782019,0
EDR.US,60,20240606,160000,26.9,26.93,26.885,26.9,126848,0
EDR.US,60,20240606,170000,26.9,26.93,26.895,26.915,615485,0
EDR.US,60,20240606,180000,26.915,26.92,26.91,26.915,30416,0
EDR.US,60,20240606,190000,26.915,26.92,26.89,26.9,392933,0
EDR.US,60,20240606,200000,26.9,26.91,26.895,26.9,48056,0
EDR.US,60,20240606,210000,26.9,26.9,26.881,26.9,347250,0
EDR.US,60,20240606,220000,26.9,26.92,26.88,26.9,806323,0
EDR.US,60,20240607,160000,26.88,26.935,26.88,26.905,92076,0
EDR.US,60,20240607,170000,26.905,26.94,26.86,26.93,1077176,0
EDR.US,60,20240607,180000,26.935,26.94,26.93,26.93,174881,0
EDR.US,60,20240607,190000,26.93,26.94,26.9,26.92,684022,0
EDR.US,60,20240607,200000,26.915,26.92,26.9,26.905,205166,0
EDR.US,60,20240607,210000,26.905,26.91,26.875,26.89,694183,0
EDR.US,60,20240607,220000,26.895,26.9,26.86,26.87,865835,0
EDR.US,60,20240610,160000,26.87,26.885,26.81,26.83,492235,0
EDR.US,60,20240610,170000,26.835,26.87,26.83,26.87,424698,0
EDR.US,60,20240610,180000,26.87,26.9,26.86,26.88,216091,0
EDR.US,60,20240610,190000,26.88,26.885,26.87,26.88,193761,0
EDR.US,60,20240610,200000,26.88,26.895,26.87,26.88,234413,0
EDR.US,60,20240610,210000,26.88,26.885,26.86,26.865,185611,0
EDR.US,60,20240610,220000,26.865,26.87,26.83,26.85,533527,0
EDR.US,60,20240611,160000,26.81,26.84,26.81,26.825,256495,0
EDR.US,60,20240611,170000,26.83,26.85,26.825,26.835,211116,0
EDR.US,60,20240611,180000,26.835,26.85,26.81,26.815,389060,0
EDR.US,60,20240611,190000,26.815,26.84,26.81,26.825,384927,0
EDR.US,60,20240611,200000,26.825,26.85,26.82,26.85,427564,0
EDR.US,60,20240611,210000,26.845,26.85,26.81,26.825,462623,0
EDR.US,60,20240611,220000,26.825,26.84,26.8,26.8,703880,0
EDR.US,60,20240612,160000,26.84,26.89,26.83,26.87,577472,0
EDR.US,60,20240612,170000,26.87,26.88,26.86,26.875,386427,0
EDR.US,60,20240612,180000,26.87,26.88,26.85,26.85,677710,0
EDR.US,60,20240612,190000,26.85,26.86,26.85,26.85,291154,0
EDR.US,60,20240612,200000,26.855,26.86,26.85,26.85,300609,0
EDR.US,60,20240612,210000,26.85,26.88,26.84,26.87,372325,0
EDR.US,60,20240612,220000,26.88,26.9,26.84,26.85,697537,0
EDR.US,60,20240613,160000,26.85,26.89,26.85,26.875,314286,0
EDR.US,60,20240613,170000,26.875,26.89,26.86,26.865,301092,0
EDR.US,60,20240613,180000,26.865,26.9,26.86,26.875,316603,0
EDR.US,60,20240613,190000,26.875,26.89,26.865,26.89,324185,0
EDR.US,60,20240613,200000,26.88,26.89,26.87,26.87,267733,0
EDR.US,60,20240613,210000,26.87,26.88,26.86,26.865,423611,0
EDR.US,60,20240613,220000,26.87,26.88,26.86,26.86,428461,0
EDR.US,60,20240614,160000,26.85,26.88,26.8,26.8,157492,0
EDR.US,60,20240614,170000,26.8,26.825,26.795,26.81,310400,0
EDR.US,60,20240614,180000,26.81,26.85,26.81,26.85,423663,0
EDR.US,60,20240614,190000,26.85,26.86,26.83,26.855,259156,0
EDR.US,60,20240614,200000,26.855,26.87,26.85,26.865,232932,0
EDR.US,60,20240614,210000,26.865,26.88,26.85,26.86,235272,0
EDR.US,60,20240614,220000,26.865,26.88,26.855,26.87,452741,0
EDR.US,60,20240617,160000,26.87,26.88,26.83,26.865,111326,0
EDR.US,60,20240617,170000,26.86,26.87,26.85,26.86,170199,0
EDR.US,60,20240617,180000,26.85,26.88,26.85,26.87,342637,0
EDR.US,60,20240617,190000,26.865,26.88,26.86,26.88,235537,0
EDR.US,60,20240617,200000,26.875,26.88,26.87,26.875,161406,0
EDR.US,60,20240617,210000,26.88,26.88,26.83,26.835,807321,0
EDR.US,60,20240617,220000,26.83,26.84,26.635,26.75,3050786,0
EDR.US,60,20240618,160000,26.78,26.79,26.7,26.74,340930,0
EDR.US,60,20240618,170000,26.74,26.74,26.73,26.74,163123,0
EDR.US,60,20240618,180000,26.74,26.74,26.6947,26.715,947244,0
EDR.US,60,20240618,190000,26.715,26.715,26.65,26.67,1246488,0
EDR.US,60,20240618,200000,26.67,26.7,26.66,26.7,205432,0
EDR.US,60,20240618,210000,26.695,26.71,26.67,26.685,748032,0
EDR.US,60,20240618,220000,26.68,26.69,26.64,26.66,2221645,0
EDR.US,60,20240620,160000,26.67,26.76,26.62,26.705,240867,0
EDR.US,60,20240620,170000,26.71,26.71,26.68,26.685,43538,0
EDR.US,60,20240620,180000,26.685,26.73,26.65,26.695,481852,0
EDR.US,60,20240620,190000,26.695,26.695,26.66,26.68,586542,0
EDR.US,60,20240620,200000,26.685,26.71,26.65,26.7,1353643,0
EDR.US,60,20240620,210000,26.7,26.76,26.69,26.735,729122,0
EDR.US,60,20240620,220000,26.73,26.74,26.66,26.68,1384051,0
EDR.US,60,20240621,160000,26.7,26.76,26.7,26.74,169160,0
EDR.US,60,20240621,170000,26.745,26.75,26.7,26.7,328676,0
EDR.US,60,20240621,180000,26.7,26.74,26.69,26.705,739724,0
EDR.US,60,20240621,190000,26.7,26.74,26.69,26.73,841511,0
EDR.US,60,20240621,200000,26.73,26.79,26.725,26.78,471945,0
EDR.US,60,20240621,210000,26.78,26.82,26.77,26.8,733010,0
EDR.US,60,20240621,220000,26.81,26.84,26.8,26.84,1516226,0
EDR.US,60,20240624,160000,26.83,26.845,26.8,26.805,113760,0
EDR.US,60,20240624,170000,26.805,26.88,26.8,26.845,296793,0
EDR.US,60,20240624,180000,26.85,26.88,26.83,26.88,423808,0
EDR.US,60,20240624,190000,26.87,26.8875,26.865,26.875,306820,0
EDR.US,60,20240624,200000,26.88,26.88,26.83,26.855,360716,0
EDR.US,60,20240624,210000,26.855,26.86,26.835,26.84,387556,0
EDR.US,60,20240624,220000,26.84,26.87,26.835,26.84,505309,0
EDR.US,60,20240625,160000,26.84,26.86,26.78,26.785,276982,0
EDR.US,60,20240625,170000,26.78,26.83,26.78,26.825,490793,0
EDR.US,60,20240625,180000,26.83,26.87,26.82,26.85,441866,0
EDR.US,60,20240625,190000,26.85,26.88,26.84,26.86,421555,0
EDR.US,60,20240625,200000,26.87,26.88,26.86,26.875,411770,0
EDR.US,60,20240625,210000,26.87,26.88,26.85,26.87,402458,0
EDR.US,60,20240625,220000,26.87,26.89,26.86,26.87,1142736,0
EDR.US,60,20240626,160000,26.84,26.88,26.76,26.81,507124,0
EDR.US,60,20240626,170000,26.81,26.84,26.8,26.835,541666,0
EDR.US,60,20240626,180000,26.84,26.85,26.81,26.84,391867,0
EDR.US,60,20240626,190000,26.84,26.86,26.835,26.85,320359,0
EDR.US,60,20240626,200000,26.845,26.87,26.82,26.84,425700,0
EDR.US,60,20240626,210000,26.85,26.87,26.84,26.86,448663,0
EDR.US,60,20240626,220000,26.86,26.91,26.84,26.84,954833,0
EDR.US,60,20240627,160000,26.86,26.88,26.8,26.815,426667,0
EDR.US,60,20240627,170000,26.815,26.85,26.8,26.845,577293,0
EDR.US,60,20240627,180000,26.845,26.9,26.84,26.885,596425,0
EDR.US,60,20240627,190000,26.885,26.9,26.88,26.89,392830,0
EDR.US,60,20240627,200000,26.895,26.91,26.89,26.89,494198,0
EDR.US,60,20240627,210000,26.89,26.9,26.88,26.88,614122,0
EDR.US,60,20240627,220000,26.885,26.92,26.84,26.9,1415381,0
EDR.US,60,20240628,160000,26.92,27.01,26.92,26.985,469730,0
EDR.US,60,20240628,170000,26.99,27,26.98,27,347287,0
EDR.US,60,20240628,180000,27,27,26.99,26.995,144630,0
EDR.US,60,20240628,190000,26.995,27.03,26.99,27.015,475297,0
EDR.US,60,20240628,200000,27.015,27.02,27.005,27.02,138986,0
EDR.US,60,20240628,210000,27.015,27.02,27.005,27.01,178164,0
EDR.US,60,20240628,220000,27.01,27.05,27,27.03,628047,0
EDR.US,60,20240701,160000,27.06,27.06,27,27.03,208218,0
EDR.US,60,20240701,170000,27.03,27.05,27.01,27.02,150929,0
EDR.US,60,20240701,180000,27.02,27.02,27.01,27.01,143746,0
EDR.US,60,20240701,190000,27.01,27.02,27,27.01,130938,0
EDR.US,60,20240701,200000,27.015,27.03,27,27.025,141288,0
EDR.US,60,20240701,210000,27.0225,27.05,27.02,27.04,131129,0
EDR.US,60,20240701,220000,27.03,27.06,27.03,27.04,572633,0
EDR.US,60,20240702,160000,27.04,27.05,27,27.04,127330,0
EDR.US,60,20240702,170000,27.05,27.05,27.03,27.04,65311,0
EDR.US,60,20240702,180000,27.035,27.05,27.03,27.05,65310,0
EDR.US,60,20240702,190000,27.04,27.075,27.04,27.065,356365,0
EDR.US,60,20240702,200000,27.065,27.07,27.05,27.065,97986,0
EDR.US,60,20240702,210000,27.065,27.07,27.06,27.065,118917,0
EDR.US,60,20240702,220000,27.065,27.09,27.03,27.03,740193,0
EDR.US,60,20240703,160000,27.03,27.14,27.03,27.135,482404,0
EDR.US,60,20240703,170000,27.135,27.24,27.115,27.205,704266,0
EDR.US,60,20240703,180000,27.2,27.22,27.14,27.145,774360,0
EDR.US,60,20240703,190000,27.145,27.22,27.13,27.21,900828,0
EDR.US,60,20240703,200000,27.21,27.21,27.2,27.2,61048,0
EDR.US,60,20240705,160000,27.23,27.3,27.22,27.28,380961,0
EDR.US,60,20240705,170000,27.28,27.285,27.2635,27.275,338691,0
EDR.US,60,20240705,180000,27.275,27.3,27.26,27.27,703761,0
EDR.US,60,20240705,190000,27.27,27.34,27.2605,27.295,739039,0
EDR.US,60,20240705,200000,27.295,27.3,27.26,27.275,597786,0
EDR.US,60,20240705,210000,27.275,27.3,27.27,27.3,651421,0
EDR.US,60,20240705,220000,27.3,27.44,27.295,27.4,1323623,0
EDR.US,60,20240708,160000,27.39,27.4,27.335,27.335,163748,0
EDR.US,60,20240708,170000,27.335,27.36,27.325,27.355,63521,0
EDR.US,60,20240708,180000,27.355,27.365,27.335,27.345,147805,0
EDR.US,60,20240708,190000,27.345,27.35,27.311,27.335,193393,0
EDR.US,60,20240708,200000,27.33,27.34,27.3,27.315,173649,0
EDR.US,60,20240708,210000,27.315,27.33,27.3,27.325,136750,0
EDR.US,60,20240708,220000,27.32,27.42,27.32,27.41,588437,0
EDR.US,60,20240709,160000,27.38,27.54,27.365,27.47,311964,0
EDR.US,60,20240709,170000,27.47,27.5,27.47,27.495,288466,0
EDR.US,60,20240709,180000,27.495,27.515,27.475,27.495,286655,0
EDR.US,60,20240709,190000,27.495,27.52,27.495,27.505,205628,0
EDR.US,60,20240709,200000,27.5,27.545,27.49,27.495,708164,0
EDR.US,60,20240709,210000,27.495,27.5,27.47,27.475,639422,0
EDR.US,60,20240709,220000,27.475,27.48,27.42,27.45,1174294,0
EDR.US,60,20240710,160000,27.42,27.47,27.42,27.44,783625,0
EDR.US,60,20240710,170000,27.44,27.45,27.415,27.435,1962820,0
EDR.US,60,20240710,180000,27.435,27.44,27.43,27.435,804952,0
EDR.US,60,20240710,190000,27.435,27.45,27.43,27.435,291929,0
EDR.US,60,20240710,200000,27.435,27.45,27.43,27.45,298972,0
EDR.US,60,20240710,210000,27.44,27.45,27.41,27.425,225073,0
EDR.US,60,20240710,220000,27.425,27.45,27.4,27.44,662218,0
EDR.US,60,20240711,160000,27.44,27.45,27.42,27.435,70281,0
EDR.US,60,20240711,170000,27.44,27.45,27.42,27.445,212918,0
EDR.US,60,20240711,180000,27.445,27.4675,27.43,27.435,176540,0
EDR.US,60,20240711,190000,27.435,27.46,27.43,27.45,70284,0
EDR.US,60,20240711,200000,27.445,27.455,27.4442,27.445,59229,0
EDR.US,60,20240711,210000,27.445,27.455,27.44,27.45,140991,0
EDR.US,60,20240711,220000,27.45,27.48,27.45,27.475,353133,0
EDR.US,60,20240712,160000,27.54,27.54,27.47,27.47,242283,0
EDR.US,60,20240712,170000,27.47,27.5,27.45,27.4925,464354,0
EDR.US,60,20240712,180000,27.49,27.505,27.48,27.495,531367,0
EDR.US,60,20240712,190000,27.495,27.51,27.49,27.495,392826,0
EDR.US,60,20240712,200000,27.495,27.5,27.485,27.495,442716,0
EDR.US,60,20240712,210000,27.49,27.5,27.47,27.495,428583,0
EDR.US,60,20240712,220000,27.49,27.5,27.45,27.45,1216876,0
EDR.US,60,20240715,160000,27.57,27.59,27.45,27.45,256531,0
EDR.US,60,20240715,170000,27.45,27.465,27.38,27.4,284320,0
EDR.US,60,20240715,180000,27.395,27.44,27.39,27.425,303649,0
EDR.US,60,20240715,190000,27.425,27.45,27.42,27.445,177180,0
EDR.US,60,20240715,200000,27.44,27.45,27.425,27.44,272666,0
EDR.US,60,20240715,210000,27.44,27.47,27.4301,27.465,222746,0
EDR.US,60,20240715,220000,27.465,27.49,27.445,27.45,433414,0
EDR.US,60,20240716,160000,27.45,27.515,27.45,27.49,130429,0
EDR.US,60,20240716,170000,27.485,27.51,27.47,27.49,479396,0
EDR.US,60,20240716,180000,27.49,27.49,27.47,27.48,70296,0
EDR.US,60,20240716,190000,27.48,27.48,27.45,27.455,97360,0
EDR.US,60,20240716,200000,27.455,27.46,27.44,27.445,212648,0
EDR.US,60,20240716,210000,27.445,27.45,27.43,27.435,109728,0
EDR.US,60,20240716,220000,27.435,27.44,27.3,27.37,621438,0
EDR.US,60,20240717,160000,27.35,27.39,27.17,27.205,441452,0
EDR.US,60,20240717,170000,27.205,27.22,26.955,27.095,1604791,0
EDR.US,60,20240717,180000,27.09,27.15,27,27.075,1496858,0
EDR.US,60,20240717,190000,27.07,27.08,27.01,27.075,1140910,0
EDR.US,60,20240717,200000,27.075,27.09,27.055,27.085,236741,0
EDR.US,60,20240717,210000,27.085,27.09,27.06,27.065,478834,0
EDR.US,60,20240717,220000,27.07,27.09,27.04,27.05,2104569,0
EDR.US,60,20240718,160000,27.14,27.14,27.07,27.105,184865,0
EDR.US,60,20240718,170000,27.1001,27.14,27.1,27.132,131429,0
EDR.US,60,20240718,180000,27.135,27.185,27.135,27.185,304876,0
EDR.US,60,20240718,190000,27.185,27.19,27.15,27.15,203104,0
EDR.US,60,20240718,200000,27.15,27.22,27.14,27.215,224237,0
EDR.US,60,20240718,210000,27.215,27.22,27.17,27.175,148726,0
EDR.US,60,20240718,220000,27.17,27.18,27.12,27.13,440906,0
EDR.US,60,20240719,160000,27.17,27.23,27.17,27.225,73952,0
EDR.US,60,20240719,170000,27.225,27.26,27.215,27.245,132364,0
EDR.US,60,20240719,180000,27.245,27.265,27.23,27.235,113592,0
EDR.US,60,20240719,190000,27.24,27.24,27.215,27.225,124293,0
EDR.US,60,20240719,200000,27.225,27.25,27.22,27.245,94863,0
EDR.US,60,20240719,210000,27.245,27.25,27.2,27.205,256475,0
EDR.US,60,20240719,220000,27.205,27.21,27.18,27.18,493374,0
EDR.US,60,20240722,160000,27.16,27.19,27.12,27.16,75149,0
EDR.US,60,20240722,170000,27.165,27.2,27.14,27.195,104281,0
EDR.US,60,20240722,180000,27.195,27.23,27.1901,27.225,122380,0
EDR.US,60,20240722,190000,27.225,27.25,27.225,27.235,108545,0
EDR.US,60,20240722,200000,27.23,27.28,27.23,27.275,85566,0
EDR.US,60,20240722,210000,27.28,27.31,27.27,27.305,94010,0
EDR.US,60,20240722,220000,27.305,27.33,27.275,27.31,473825,0
EDR.US,60,20240723,160000,27.29,27.315,27.25,27.25,31797,0
EDR.US,60,20240723,170000,27.25,27.33,27.25,27.315,58460,0
EDR.US,60,20240723,180000,27.32,27.35,27.315,27.3405,32207,0
EDR.US,60,20240723,190000,27.345,27.35,27.33,27.345,32333,0
EDR.US,60,20240723,200000,27.35,27.35,27.31,27.32,108736,0
EDR.US,60,20240723,210000,27.315,27.38,27.29,27.38,411609,0
EDR.US,60,20240723,220000,27.37,27.38,27.35,27.38,476357,0
EDR.US,60,20240724,160000,27.36,27.37,27.265,27.265,37995,0
EDR.US,60,20240724,170000,27.265,27.3,27.245,27.295,73642,0
EDR.US,60,20240724,180000,27.29,27.315,27.27,27.295,56700,0
EDR.US,60,20240724,190000,27.295,27.315,27.28,27.3,67305,0
EDR.US,60,20240724,200000,27.31,27.33,27.305,27.325,10921,0
EDR.US,60,20240724,210000,27.325,27.345,27.32,27.345,37450,0
EDR.US,60,20240724,220000,27.345,27.35,27.32,27.32,226741,0
EDR.US,60,20240725,160000,27.35,27.41,27.33,27.36,127456,0
EDR.US,60,20240725,170000,27.355,27.375,27.28,27.29,250119,0
EDR.US,60,20240725,180000,27.285,27.29,27.255,27.265,108818,0
EDR.US,60,20240725,190000,27.265,27.28,27.26,27.27,348107,0
EDR.US,60,20240725,200000,27.265,27.28,27.26,27.28,382615,0
EDR.US,60,20240725,210000,27.28,27.28,27.24,27.25,82141,0
EDR.US,60,20240725,220000,27.25,27.26,27.2,27.2,581870,0
EDR.US,60,20240726,160000,27.29,27.29,27.2,27.255,63937,0
EDR.US,60,20240726,170000,27.255,27.255,27.225,27.245,53073,0
EDR.US,60,20240726,180000,27.245,27.28,27.235,27.28,90849,0
EDR.US,60,20240726,190000,27.275,27.28,27.25,27.25,93555,0
EDR.US,60,20240726,200000,27.26,27.26,27.25,27.255,104533,0
EDR.US,60,20240726,210000,27.255,27.265,27.25,27.25,51982,0
EDR.US,60,20240726,220000,27.25,27.27,27.24,27.26,889690,0
EDR.US,60,20240729,160000,27.24,27.28,27.205,27.275,30094,0
EDR.US,60,20240729,170000,27.275,27.315,27.275,27.295,99058,0
EDR.US,60,20240729,180000,27.29,27.295,27.26,27.28,33274,0
EDR.US,60,20240729,190000,27.275,27.28,27.27,27.27,7865,0
EDR.US,60,20240729,200000,27.27,27.28,27.27,27.275,17463,0
EDR.US,60,20240729,210000,27.275,27.295,27.27,27.295,27094,0
EDR.US,60,20240729,220000,27.3,27.31,27.26,27.29,405911,0
EDR.US,60,20240730,160000,27.3,27.31,27.26,27.3,24552,0
EDR.US,60,20240730,170000,27.3,27.34,27.3,27.315,66577,0
EDR.US,60,20240730,180000,27.311,27.345,27.3,27.34,100798,0
EDR.US,60,20240730,190000,27.3475,27.35,27.34,27.35,165522,0
EDR.US,60,20240730,200000,27.345,27.38,27.34,27.35,217002,0
EDR.US,60,20240730,210000,27.3575,27.38,27.345,27.38,115635,0
EDR.US,60,20240730,220000,27.38,27.42,27.36,27.37,484301,0
EDR.US,60,20240731,160000,27.25,27.37,27.22,27.355,174734,0
EDR.US,60,20240731,170000,27.355,27.36,27.32,27.325,130342,0
EDR.US,60,20240731,180000,27.325,27.35,27.32,27.34,87916,0
EDR.US,60,20240731,190000,27.345,27.37,27.34,27.36,54966,0
EDR.US,60,20240731,200000,27.36,27.37,27.35,27.355,98380,0
EDR.US,60,20240731,210000,27.355,27.46,27.355,27.425,1115440,0
EDR.US,60,20240731,220000,27.425,27.5,27.395,27.42,1204406,0
EDR.US,60,20240801,160000,27.43,27.46,27.36,27.445,107480,0
EDR.US,60,20240801,170000,27.445,27.47,27.44,27.46,79960,0
EDR.US,60,20240801,180000,27.47,27.47,27.425,27.43,82616,0
EDR.US,60,20240801,190000,27.43,27.445,27.36,27.365,124253,0
EDR.US,60,20240801,200000,27.37,27.37,27.31,27.365,84948,0
EDR.US,60,20240801,210000,27.37,27.37,27.33,27.335,84598,0
EDR.US,60,20240801,220000,27.34,27.43,27.335,27.43,445691,0
EDR.US,60,20240802,160000,27.35,27.425,27.34,27.395,46066,0
EDR.US,60,20240802,170000,27.395,27.4,27.23,27.255,211871,0
EDR.US,60,20240802,180000,27.255,27.29,27.23,27.28,175432,0
EDR.US,60,20240802,190000,27.28,27.335,27.27,27.313,172679,0
EDR.US,60,20240802,200000,27.315,27.315,27.265,27.28,208503,0
EDR.US,60,20240802,210000,27.275,27.33,27.27,27.29,54738,0
EDR.US,60,20240802,220000,27.285,27.3,27.27,27.3,302622,0
EDR.US,60,20240805,160000,27.07,27.13,27.07,27.1,99197,0
EDR.US,60,20240805,170000,27.11,27.12,27.07,27.095,395435,0
EDR.US,60,20240805,180000,27.095,27.27,27.095,27.2,485223,0
EDR.US,60,20240805,190000,27.2,27.2,27.15,27.19,1161613,0
EDR.US,60,20240805,200000,27.185,27.19,27.15,27.15,1428762,0
EDR.US,60,20240805,210000,27.15,27.19,27.14,27.16,313902,0
EDR.US,60,20240805,220000,27.17,27.18,27.13,27.14,508536,0
EDR.US,60,20240806,160000,27.17,27.31,27.17,27.28,118760,0
EDR.US,60,20240806,170000,27.285,27.285,27.245,27.27,99524,0
EDR.US,60,20240806,180000,27.265,27.27,27.175,27.2,64635,0
EDR.US,60,20240806,190000,27.195,27.2,27.17,27.195,118867,0
EDR.US,60,20240806,200000,27.195,27.2,27.17,27.175,183173,0
EDR.US,60,20240806,210000,27.18,27.2,27.17,27.18,304213,0
EDR.US,60,20240806,220000,27.185,27.2,27.17,27.18,385838,0
EDR.US,60,20240807,160000,27.24,27.32,27.2,27.225,128752,0
EDR.US,60,20240807,170000,27.23,27.27,27.2,27.2,183751,0
EDR.US,60,20240807,180000,27.205,27.22,27.18,27.215,215411,0
EDR.US,60,20240807,190000,27.215,27.22,27.19,27.195,140734,0
EDR.US,60,20240807,200000,27.195,27.211,27.19,27.2,218974,0
EDR.US,60,20240807,210000,27.1999,27.21,27.19,27.205,136736,0
EDR.US,60,20240807,220000,27.21,27.22,27.18,27.18,865629,0
EDR.US,60,20240808,160000,27.29,27.45,27.255,27.41,360544,0
EDR.US,60,20240808,170000,27.42,27.42,27.34,27.365,207245,0
EDR.US,60,20240808,180000,27.365,27.4,27.36,27.385,191564,0
EDR.US,60,20240808,190000,27.385,27.41,27.38,27.405,375431,0
EDR.US,60,20240808,200000,27.405,27.445,27.4,27.435,853588,0
EDR.US,60,20240808,210000,27.435,27.51,27.43,27.505,1001570,0
EDR.US,60,20240808,220000,27.505,27.51,27.46,27.5,863862,0
EDR.US,60,20240809,160000,27.45,27.51,27.42,27.505,242860,0
EDR.US,60,20240809,170000,27.505,27.57,27.5,27.53,733804,0
EDR.US,60,20240809,180000,27.525,27.54,27.48,27.5,604903,0
EDR.US,60,20240809,190000,27.505,27.51,27.47,27.48,505368,0
EDR.US,60,20240809,200000,27.485,27.5,27.475,27.49,540697,0
EDR.US,60,20240809,210000,27.485,27.495,27.44,27.495,765736,0
EDR.US,60,20240809,220000,27.495,27.56,27.46,27.56,2598280,0
EDR.US,60,20240812,160000,27.55,27.55,27.4925,27.5,82405,0
EDR.US,60,20240812,170000,27.49,27.51,27.48,27.5,130125,0
EDR.US,60,20240812,180000,27.5,27.515,27.485,27.51,155675,0
EDR.US,60,20240812,190000,27.51,27.515,27.49,27.5,200656,0
EDR.US,60,20240812,200000,27.5,27.51,27.495,27.5,187962,0
EDR.US,60,20240812,210000,27.5,27.51,27.475,27.485,217273,0
EDR.US,60,20240812,220000,27.485,27.49,27.44,27.44,492861,0
EDR.US,60,20240813,160000,27.46,27.475,27.43,27.455,207928,0
EDR.US,60,20240813,170000,27.455,27.46,27.42,27.4493,175412,0
EDR.US,60,20240813,180000,27.45,27.46,27.4425,27.45,334217,0
EDR.US,60,20240813,190000,27.45,27.49,27.45,27.485,396509,0
EDR.US,60,20240813,200000,27.485,27.49,27.46,27.475,1239005,0
EDR.US,60,20240813,210000,27.475,27.49,27.44,27.485,1628451,0
EDR.US,60,20240813,220000,27.48,27.49,27.47,27.49,2534612,0
EDR.US,60,20240814,160000,27.45,27.49,27.43,27.49,849586,0
EDR.US,60,20240814,170000,27.48,27.5,27.475,27.49,699053,0
EDR.US,60,20240814,180000,27.49,27.495,27.48,27.485,363659,0
EDR.US,60,20240814,190000,27.49,27.5,27.48,27.485,421782,0
EDR.US,60,20240814,200000,27.49,27.49,27.48,27.485,206651,0
EDR.US,60,20240814,210000,27.485,27.49,27.48,27.49,147570,0
EDR.US,60,20240814,220000,27.49,27.49,27.47,27.48,556617,0
EDR.US,60,20240815,160000,27.49,27.49,27.375,27.435,238759,0
EDR.US,60,20240815,170000,27.435,27.47,27.43,27.47,345026,0
EDR.US,60,20240815,180000,27.4662,27.47,27.44,27.455,218760,0
EDR.US,60,20240815,190000,27.455,27.46,27.44,27.445,219906,0
EDR.US,60,20240815,200000,27.45,27.47,27.45,27.465,481859,0
EDR.US,60,20240815,210000,27.465,27.48,27.455,27.47,236921,0
EDR.US,60,20240815,220000,27.47,27.5,27.47,27.49,1425844,0
EDR.US,60,20240816,160000,27.5,27.5,27.44,27.46,157965,0
EDR.US,60,20240816,170000,27.46,27.475,27.45,27.465,706927,0
EDR.US,60,20240816,180000,27.47,27.48,27.46,27.4701,214035,0
EDR.US,60,20240816,190000,27.47,27.48,27.47,27.475,197349,0
EDR.US,60,20240816,200000,27.48,27.48,27.47,27.475,240254,0
EDR.US,60,20240816,210000,27.47,27.48,27.45,27.45,359230,0
EDR.US,60,20240816,220000,27.455,27.48,27.45,27.48,1388464,0
EDR.US,60,20240819,160000,27.48,27.48,27.44,27.475,74797,0
EDR.US,60,20240819,170000,27.475,27.49,27.47,27.475,611564,0
EDR.US,60,20240819,180000,27.475,27.48,27.47,27.48,148968,0
EDR.US,60,20240819,190000,27.48,27.48,27.47,27.475,69883,0
EDR.US,60,20240819,200000,27.475,27.48,27.47,27.475,278383,0
EDR.US,60,20240819,210000,27.48,27.48,27.47,27.475,127196,0
EDR.US,60,20240819,220000,27.48,27.48,27.46,27.47,733662,0
EDR.US,60,20240820,160000,27.47,27.485,27.445,27.455,311604,0
EDR.US,60,20240820,170000,27.45,27.46,27.435,27.445,2272113,0
EDR.US,60,20240820,180000,27.445,27.455,27.42,27.445,324948,0
EDR.US,60,20240820,190000,27.45,27.46,27.44,27.45,113246,0
EDR.US,60,20240820,200000,27.445,27.465,27.44,27.465,554553,0
EDR.US,60,20240820,210000,27.465,27.49,27.46,27.485,326621,0
EDR.US,60,20240820,220000,27.485,27.49,27.47,27.49,947979,0
EDR.US,60,20240821,160000,27.48,27.49,27.455,27.46,86453,0
EDR.US,60,20240821,170000,27.465,27.475,27.45,27.46,759151,0
EDR.US,60,20240821,180000,27.46,27.475,27.45,27.47,503651,0
EDR.US,60,20240821,190000,27.47,27.475,27.46,27.47,135243,0
EDR.US,60,20240821,200000,27.47,27.48,27.46,27.475,239594,0
EDR.US,60,20240821,210000,27.48,27.5,27.475,27.495,632702,0
EDR.US,60,20240821,220000,27.495,27.495,27.48,27.49,751939,0
EDR.US,60,20240822,160000,27.48,27.49,27.46,27.46,56251,0
EDR.US,60,20240822,170000,27.46,27.48,27.46,27.48,61248,0
EDR.US,60,20240822,180000,27.475,27.49,27.465,27.465,2230534,0
EDR.US,60,20240822,190000,27.465,27.48,27.46,27.47,222771,0
EDR.US,60,20240822,200000,27.47,27.47,27.45,27.46,145895,0
EDR.US,60,20240822,210000,27.46,27.48,27.46,27.46,187687,0
EDR.US,60,20240822,220000,27.46,27.51,27.44,27.5,746050,0
EDR.US,60,20240823,160000,27.49,27.49,27.46,27.47,49725,0
EDR.US,60,20240823,170000,27.46,27.475,27.46,27.465,116599,0
EDR.US,60,20240823,180000,27.47,27.47,27.45,27.47,828864,0
EDR.US,60,20240823,190000,27.465,27.47,27.45,27.45,489065,0
EDR.US,60,20240823,200000,27.45,27.47,27.42,27.445,1212528,0
EDR.US,60,20240823,210000,27.445,27.47,27.42,27.46,1346281,0
EDR.US,60,20240823,220000,27.465,27.47,27.41,27.46,2525331,0
EDR.US,60,20240826,160000,27.46,27.48,27.45,27.46,209638,0
EDR.US,60,20240826,170000,27.46,27.465,27.45,27.455,239547,0
EDR.US,60,20240826,180000,27.455,27.465,27.445,27.455,266732,0
EDR.US,60,20240826,190000,27.455,27.46,27.45,27.45,36139,0
EDR.US,60,20240826,200000,27.45,27.46,27.45,27.455,308332,0
EDR.US,60,20240826,210000,27.455,27.46,27.445,27.455,257128,0
EDR.US,60,20240826,220000,27.45,27.46,27.43,27.44,667799,0
EDR.US,60,20240827,160000,27.45,27.46,27.435,27.445,288760,0
EDR.US,60,20240827,170000,27.445,27.4603,27.44,27.455,285425,0
EDR.US,60,20240827,180000,27.455,27.46,27.45,27.455,53111,0
EDR.US,60,20240827,190000,27.455,27.46,27.45,27.46,33505,0
EDR.US,60,20240827,200000,27.455,27.475,27.45,27.45,283766,0
EDR.US,60,20240827,210000,27.45,27.46,27.44,27.44,99734,0
EDR.US,60,20240827,220000,27.44,27.46,27.43,27.45,553665,0
EDR.US,60,20240828,160000,27.45,27.46,27.43,27.445,189034,0
EDR.US,60,20240828,170000,27.445,27.46,27.44,27.455,251808,0
EDR.US,60,20240828,180000,27.45,27.46,27.45,27.455,207056,0
EDR.US,60,20240828,190000,27.46,27.46,27.45,27.455,119550,0
EDR.US,60,20240828,200000,27.45,27.46,27.45,27.45,177095,0
EDR.US,60,20240828,210000,27.455,27.46,27.45,27.455,234438,0
EDR.US,60,20240828,220000,27.46,27.46,27.44,27.45,660372,0
EDR.US,60,20240829,160000,27.44,27.46,27.44,27.45,103870,0
EDR.US,60,20240829,170000,27.45,27.46,27.45,27.455,79671,0
EDR.US,60,20240829,180000,27.45,27.46,27.45,27.45,107420,0
EDR.US,60,20240829,190000,27.455,27.48,27.45,27.48,228949,0
EDR.US,60,20240829,200000,27.48,27.48,27.47,27.48,253701,0
EDR.US,60,20240829,210000,27.475,27.48,27.47,27.475,68806,0
EDR.US,60,20240829,220000,27.47,27.49,27.46,27.46,854379,0
EDR.US,60,20240830,160000,27.47,27.48,27.46,27.47,306572,0
EDR.US,60,20240830,170000,27.476,27.48,27.455,27.46,76029,0
EDR.US,60,20240830,180000,27.46,27.47,27.45,27.465,118252,0
EDR.US,60,20240830,190000,27.4629,27.47,27.46,27.465,30917,0
EDR.US,60,20240830,200000,27.465,27.47,27.46,27.465,244547,0
EDR.US,60,20240830,210000,27.465,27.47,27.46,27.465,230934,0
EDR.US,60,20240830,220000,27.465,27.47,27.46,27.47,426395,0
EDR.US,60,20240903,160000,27.48,27.48,27.43,27.48,1067580,0
EDR.US,60,20240903,170000,27.48,27.48,27.47,27.475,186651,0
EDR.US,60,20240903,180000,27.475,27.48,27.475,27.475,60762,0
EDR.US,60,20240903,190000,27.475,27.48,27.47,27.475,445235,0
EDR.US,60,20240903,200000,27.475,27.48,27.46,27.465,267162,0
EDR.US,60,20240903,210000,27.465,27.48,27.46,27.465,146320,0
EDR.US,60,20240903,220000,27.465,27.48,27.45,27.48,460037,0
EDR.US,60,20240904,160000,27.45,27.485,27.45,27.475,329805,0
EDR.US,60,20240904,170000,27.48,27.485,27.47,27.475,352570,0
EDR.US,60,20240904,180000,27.475,27.49,27.47,27.475,992100,0
EDR.US,60,20240904,190000,27.475,27.48,27.47,27.475,165892,0
EDR.US,60,20240904,200000,27.475,27.48,27.465,27.475,363677,0
EDR.US,60,20240904,210000,27.48,27.48,27.44,27.455,438478,0
EDR.US,60,20240904,220000,27.455,27.48,27.44,27.48,845912,0
EDR.US,60,20240905,160000,27.48,27.48,27.46,27.46,70927,0
EDR.US,60,20240905,170000,27.46,27.475,27.46,27.47,153029,0
EDR.US,60,20240905,180000,27.47,27.49,27.47,27.48,1157292,0
EDR.US,60,20240905,190000,27.475,27.48,27.45,27.45,790583,0
EDR.US,60,20240905,200000,27.45,27.45,27.43,27.43,204114,0
EDR.US,60,20240905,210000,27.43,27.44,27.41,27.43,193038,0
EDR.US,60,20240905,220000,27.43,27.45,27.375,27.39,1003923,0
EDR.US,60,20240906,160000,27.43,27.46,27.42,27.442,69856,0
EDR.US,60,20240906,170000,27.44,27.46,27.44,27.445,99879,0
EDR.US,60,20240906,180000,27.445,27.45,27.44,27.44,74204,0
EDR.US,60,20240906,190000,27.44,27.445,27.43,27.43,18978,0
EDR.US,60,20240906,200000,27.43,27.44,27.43,27.43,45979,0
EDR.US,60,20240906,210000,27.435,27.44,27.395,27.41,357140,0
EDR.US,60,20240906,220000,27.41,27.43,27.4,27.42,690706,0
EDR.US,60,20240909,160000,27.46,27.48,27.45,27.475,1458692,0
EDR.US,60,20240909,170000,27.47,27.53,27.47,27.515,3042422,0
EDR.US,60,20240909,180000,27.515,27.53,27.475,27.53,799286,0
EDR.US,60,20240909,190000,27.53,27.59,27.52,27.565,1572678,0
EDR.US,60,20240909,200000,27.565,27.58,27.55,27.565,286724,0
EDR.US,60,20240909,210000,27.565,27.57,27.55,27.555,267217,0
EDR.US,60,20240909,220000,27.555,27.64,27.555,27.62,832646,0
EDR.US,60,20240910,160000,27.62,27.62,27.58,27.585,245938,0
EDR.US,60,20240910,170000,27.585,27.605,27.57,27.6,381486,0
EDR.US,60,20240910,180000,27.6,27.61,27.57,27.575,333323,0
EDR.US,60,20240910,190000,27.57,27.575,27.54,27.54,246639,0
EDR.US,60,20240910,200000,27.54,27.545,27.53,27.53,103370,0
EDR.US,60,20240910,210000,27.535,27.56,27.53,27.555,136828,0
EDR.US,60,20240910,220000,27.555,27.575,27.55,27.57,593725,0
EDR.US,60,20240911,160000,27.52,27.58,27.52,27.565,144860,0
EDR.US,60,20240911,170000,27.565,27.57,27.555,27.565,146266,0
EDR.US,60,20240911,180000,27.565,27.58,27.56,27.58,51690,0
EDR.US,60,20240911,190000,27.58,27.595,27.57,27.575,97820,0
EDR.US,60,20240911,200000,27.575,27.595,27.57,27.59,309755,0
EDR.US,60,20240911,210000,27.59,27.595,27.58,27.58,177912,0
EDR.US,60,20240911,220000,27.585,27.6,27.58,27.59,421906,0
EDR.US,60,20240912,160000,27.575,27.615,27.57,27.6,417968,0
EDR.US,60,20240912,170000,27.6,27.61,27.6,27.605,147115,0
EDR.US,60,20240912,180000,27.61,27.63,27.6,27.62,839672,0
EDR.US,60,20240912,190000,27.625,27.63,27.62,27.625,64352,0
EDR.US,60,20240912,200000,27.625,27.63,27.62,27.63,87035,0
EDR.US,60,20240912,210000,27.63,27.635,27.62,27.625,102290,0
EDR.US,60,20240912,220000,27.625,27.64,27.595,27.64,935316,0
EDR.US,60,20240913,160000,27.63,27.65,27.61,27.6224,122240,0
EDR.US,60,20240913,170000,27.625,27.64,27.61,27.63,98330,0
EDR.US,60,20240913,180000,27.625,27.65,27.622,27.635,1444822,0
EDR.US,60,20240913,190000,27.635,27.64,27.62,27.63,456427,0
EDR.US,60,20240913,200000,27.63,27.64,27.6225,27.625,124835,0
EDR.US,60,20240913,210000,27.625,27.63,27.62,27.63,43507,0
EDR.US,60,20240913,220000,27.63,27.65,27.59,27.6,1443068,0
EDR.US,60,20240916,160000,27.58,27.58,27.54,27.545,1420213,0
EDR.US,60,20240916,170000,27.55,27.55,27.53,27.54,391136,0
EDR.US,60,20240916,180000,27.54,27.55,27.53,27.53,285278,0
EDR.US,60,20240916,190000,27.535,27.55,27.53,27.54,319050,0
EDR.US,60,20240916,200000,27.55,27.6,27.54,27.59,266077,0
EDR.US,60,20240916,210000,27.585,27.6,27.58,27.585,401567,0
EDR.US,60,20240916,220000,27.59,27.609,27.57,27.58,2146103,0
EDR.US,60,20240917,160000,27.63,27.63,27.57,27.58,541577,0
EDR.US,60,20240917,170000,27.58,27.6,27.57,27.585,562698,0
EDR.US,60,20240917,180000,27.585,27.5851,27.57,27.575,280611,0
EDR.US,60,20240917,190000,27.575,27.6,27.57,27.5843,738454,0
EDR.US,60,20240917,200000,27.58,27.59,27.58,27.585,111548,0
EDR.US,60,20240917,210000,27.58,27.59,27.57,27.58,136418,0
EDR.US,60,20240917,220000,27.58,27.59,27.57,27.58,815022,0
EDR.US,60,20240918,160000,27.59,27.59,27.57,27.59,234821,0
EDR.US,60,20240918,170000,27.585,27.66,27.58,27.64,3137955,0
EDR.US,60,20240918,180000,27.645,27.65,27.62,27.63,213386,0
EDR.US,60,20240918,190000,27.63,27.63,27.62,27.63,118966,0
EDR.US,60,20240918,200000,27.63,27.63,27.62,27.625,110502,0
EDR.US,60,20240918,210000,27.63,27.64,27.57,27.61,446298,0
EDR.US,60,20240918,220000,27.605,27.64,27.6,27.64,907989,0
EDR.US,60,20240919,160000,27.6,27.645,27.59,27.64,169017,0
EDR.US,60,20240919,170000,27.64,27.65,27.61,27.615,164929,0
EDR.US,60,20240919,180000,27.61,27.65,27.61,27.645,604451,0
EDR.US,60,20240919,190000,27.64,27.66,27.63,27.635,2099061,0
EDR.US,60,20240919,200000,27.635,27.67,27.63,27.66,1003958,0
EDR.US,60,20240919,210000,27.66,27.68,27.655,27.675,462699,0
EDR.US,60,20240919,220000,27.675,27.71,27.66,27.71,1099312,0
EDR.US,60,20240920,160000,27.7,27.71,27.65,27.705,133289,0
EDR.US,60,20240920,170000,27.71,27.8,27.7,27.795,765302,0
EDR.US,60,20240920,180000,27.79,28,27.79,27.995,736307,0
EDR.US,60,20240920,190000,27.995,28.015,27.83,27.84,553997,0
EDR.US,60,20240920,200000,27.835,27.98,27.835,27.97,668636,0
EDR.US,60,20240920,210000,27.975,27.99,27.925,27.985,261532,0
EDR.US,60,20240920,220000,27.99,28.1,27.96,28.08,1824380,0
EDR.US,60,20240923,160000,27.99,28,27.86,27.87,324319,0
EDR.US,60,20240923,170000,27.87,27.92,27.84,27.9,444643,0
EDR.US,60,20240923,180000,27.9,27.91,27.81,27.81,303352,0
EDR.US,60,20240923,190000,27.815,27.84,27.795,27.84,556244,0
EDR.US,60,20240923,200000,27.83,27.85,27.8,27.845,228992,0
EDR.US,60,20240923,210000,27.85,27.86,27.84,27.85,206629,0
EDR.US,60,20240923,220000,27.85,27.925,27.85,27.91,1013809,0
EDR.US,60,20240924,160000,27.9,28.03,27.9,27.99,191942,0
EDR.US,60,20240924,170000,27.985,28.04,27.985,28.025,207030,0
EDR.US,60,20240924,180000,28.025,28.045,28.005,28.005,179871,0
EDR.US,60,20240924,190000,28.005,28.01,27.98,27.995,130931,0
EDR.US,60,20240924,200000,27.995,28.04,27.99,28.04,221688,0
EDR.US,60,20240924,210000,28.035,28.12,28.025,28.1,501969,0
EDR.US,60,20240924,220000,28.095,28.28,28.09,28.25,1678640,0
EDR.US,60,20240925,160000,28.2,28.28,28.12,28.24,543466,0
EDR.US,60,20240925,170000,28.24,28.265,28.2,28.23,726384,0
EDR.US,60,20240925,180000,28.23,28.27,28.23,28.265,424971,0
EDR.US,60,20240925,190000,28.265,28.27,28.19,28.19,444028,0
EDR.US,60,20240925,200000,28.19,28.19,28.02,28.055,572054,0
EDR.US,60,20240925,210000,28.055,28.09,27.99,28.08,314956,0
EDR.US,60,20240925,220000,28.085,28.085,27.98,28,1212294,0
EDR.US,60,20240926,160000,28.03,28.08,27.8901,28.075,255428,0
EDR.US,60,20240926,170000,28.075,28.11,28.04,28.095,2094862,0
EDR.US,60,20240926,180000,28.095,28.13,28.09,28.13,227699,0
EDR.US,60,20240926,190000,28.13,28.24,28.13,28.215,587178,0
EDR.US,60,20240926,200000,28.215,28.26,28.2,28.25,327343,0
EDR.US,60,20240926,210000,28.245,28.25,28.24,28.245,221732,0
EDR.US,60,20240926,220000,28.25,28.33,28.23,28.31,1181349,0
EDR.US,60,20240927,160000,28.31,28.62,28.25,28.585,257777,0
EDR.US,60,20240927,170000,28.585,28.615,28.44,28.465,514194,0
EDR.US,60,20240927,180000,28.465,28.51,28.46,28.5,316945,0
EDR.US,60,20240927,190000,28.5,28.55,28.48,28.48,263086,0
EDR.US,60,20240927,200000,28.49,28.51,28.48,28.5,170463,0
EDR.US,60,20240927,210000,28.5,28.58,28.48,28.555,562594,0
EDR.US,60,20240927,220000,28.555,28.575,28.52,28.55,546422,0
EDR.US,60,20240930,160000,28.5,28.56,28.38,28.56,83152,0
EDR.US,60,20240930,170000,28.57,28.58,28.544,28.565,124875,0
EDR.US,60,20240930,180000,28.56,28.57,28.55,28.55,49021,0
EDR.US,60,20240930,190000,28.55,28.56,28.535,28.555,139629,0
EDR.US,60,20240930,200000,28.5592,28.56,28.52,28.555,717609,0
EDR.US,60,20240930,210000,28.555,28.57,28.52,28.545,477301,0
EDR.US,60,20240930,220000,28.545,28.57,28.53,28.56,697538,0
EDR.US,60,20241001,160000,28.53,28.6,28.48,28.56,96336,0
EDR.US,60,20241001,170000,28.56,28.635,28.56,28.595,296680,0
EDR.US,60,20241001,180000,28.6,28.61,28.58,28.605,235680,0
EDR.US,60,20241001,190000,28.6,28.62,28.49,28.51,1112305,0
EDR.US,60,20241001,200000,28.495,28.515,28.35,28.415,456455,0
EDR.US,60,20241001,210000,28.415,28.5,28.395,28.46,192945,0
EDR.US,60,20241001,220000,28.45,28.46,28.4,28.4,499581,0
EDR.US,60,20241002,160000,28.44,28.46,28.33,28.46,138997,0
EDR.US,60,20241002,170000,28.46,28.59,28.4525,28.58,247755,0
EDR.US,60,20241002,180000,28.58,28.665,28.57,28.665,300085,0
EDR.US,60,20241002,190000,28.665,28.79,28.665,28.79,384881,0
EDR.US,60,20241002,200000,28.785,28.8,28.68,28.695,844691,0
EDR.US,60,20241002,210000,28.695,28.695,28.59,28.625,668216,0
EDR.US,60,20241002,220000,28.63,28.72,28.625,28.72,1093047,0
EDR.US,60,20241003,160000,28.69,28.69,28.61,28.685,459014,0
EDR.US,60,20241003,170000,28.69,28.78,28.69,28.765,431400,0
EDR.US,60,20241003,180000,28.765,28.78,28.75,28.75,193006,0
EDR.US,60,20241003,190000,28.75,28.81,28.75,28.805,206611,0
EDR.US,60,20241003,200000,28.8012,28.91,28.78,28.8806,533233,0
EDR.US,60,20241003,210000,28.885,28.91,28.85,28.91,252102,0
EDR.US,60,20241003,220000,28.905,29.14,28.9,29.13,904453,0
EDR.US,60,20241004,160000,29.09,29.11,28.965,29.045,183418,0
EDR.US,60,20241004,170000,29.045,29.09,29.01,29.06,593677,0
EDR.US,60,20241004,180000,29.06,29.1,29.04,29.1,282535,0
EDR.US,60,20241004,190000,29.095,29.11,29.06,29.08,277311,0
EDR.US,60,20241004,200000,29.09,29.095,29.05,29.06,379322,0
EDR.US,60,20241004,210000,29.06,29.08,29.03,29.035,422083,0
EDR.US,60,20241004,220000,29.035,29.035,28.94,28.99,494618,0
EDR.US,60,20241007,160000,29,29.015,28.97,28.98,23619,0
EDR.US,60,20241007,170000,28.98,28.98,28.865,28.875,74401,0
EDR.US,60,20241007,180000,28.875,28.8789,28.85,28.865,94823,0
EDR.US,60,20241007,190000,28.865,28.89,28.865,28.88,172763,0
EDR.US,60,20241007,200000,28.87,28.97,28.87,28.945,143210,0
EDR.US,60,20241007,210000,28.9412,28.985,28.94,28.955,339380,0
EDR.US,60,20241007,220000,28.96,29.17,28.955,29.09,631826,0
EDR.US,60,20241008,160000,29.02,29.1,28.94,29.095,71448,0
EDR.US,60,20241008,170000,29.105,29.14,28.975,29.025,365698,0
EDR.US,60,20241008,180000,29.025,29.03,28.975,29.015,281021,0
EDR.US,60,20241008,190000,29.02,29.05,29.01,29.045,129771,0
EDR.US,60,20241008,200000,29.04,29.05,29.04,29.04,60037,0
EDR.US,60,20241008,210000,29.045,29.105,29.04,29.105,177627,0
EDR.US,60,20241008,220000,29.105,29.12,29.085,29.11,268376,0
EDR.US,60,20241009,160000,29.05,29.15,29.05,29.105,64770,0
EDR.US,60,20241009,170000,29.11,29.1299,29.045,29.125,177186,0
EDR.US,60,20241009,180000,29.125,29.125,29.09,29.105,46049,0
EDR.US,60,20241009,190000,29.105,29.17,29.1,29.13,216402,0
EDR.US,60,20241009,200000,29.135,29.155,29.105,29.105,444953,0
EDR.US,60,20241009,210000,29.105,29.15,29.08,29.145,1147446,0
EDR.US,60,20241009,220000,29.15,29.25,29.14,29.23,1063665,0
EDR.US,60,20241010,160000,29.19,29.215,29.1,29.115,118058,0
EDR.US,60,20241010,170000,29.12,29.165,29.12,29.145,89918,0
EDR.US,60,20241010,180000,29.145,29.195,29.13,29.15,362869,0
EDR.US,60,20241010,190000,29.15,29.17,29.14,29.15,115114,0
EDR.US,60,20241010,200000,29.15,29.155,29.13,29.135,79175,0
EDR.US,60,20241010,210000,29.135,29.205,29.12,29.195,270309,0
EDR.US,60,20241010,220000,29.19,29.27,29.18,29.27,815610,0
EDR.US,60,20241011,160000,29.2,29.265,29.185,29.245,251485,0
EDR.US,60,20241011,170000,29.245,29.3,29.2,29.265,3261452,0
EDR.US,60,20241011,180000,29.265,29.29,29.265,29.28,151764,0
EDR.US,60,20241011,190000,29.28,29.3,29.28,29.3,154541,0
EDR.US,60,20241011,200000,29.29,29.34,29.29,29.335,270808,0
EDR.US,60,20241011,210000,29.34,29.38,29.335,29.345,300420,0
EDR.US,60,20241011,220000,29.345,29.345,29.26,29.27,545533,0
EDR.US,60,20241014,160000,29.26,29.3,29.19,29.25,72488,0
EDR.US,60,20241014,170000,29.255,29.27,29.24,29.245,135114,0
EDR.US,60,20241014,180000,29.245,29.2657,29.24,29.265,54816,0
EDR.US,60,20241014,190000,29.265,29.27,29.24,29.25,57981,0
EDR.US,60,20241014,200000,29.255,29.33,29.24,29.325,466064,0
EDR.US,60,20241014,210000,29.32,29.38,29.32,29.32,95544,0
EDR.US,60,20241014,220000,29.32,29.35,29.29,29.32,376310,0
EDR.US,60,20241015,160000,29.3,29.38,29.18,29.26,70114,0
EDR.US,60,20241015,170000,29.26,29.285,29.235,29.27,86958,0
EDR.US,60,20241015,180000,29.265,29.275,29.24,29.265,79249,0
EDR.US,60,20241015,190000,29.265,29.316,29.2638,29.29,49437,0
EDR.US,60,20241015,200000,29.29,29.3,29.27,29.285,33031,0
EDR.US,60,20241015,210000,29.285,29.29,29.26,29.26,51418,0
EDR.US,60,20241015,220000,29.26,29.27,29.17,29.26,417776,0
EDR.US,60,20241016,160000,29.25,29.33,29.12,29.225,120431,0
EDR.US,60,20241016,170000,29.225,29.26,29.195,29.2462,177487,0
EDR.US,60,20241016,180000,29.245,29.25,29.22,29.235,106859,0
EDR.US,60,20241016,190000,29.235,29.25,29.235,29.245,25078,0
EDR.US,60,20241016,200000,29.25,29.26,29.23,29.25,132411,0
EDR.US,60,20241016,210000,29.25,29.275,29.24,29.25,458722,0
EDR.US,60,20241016,220000,29.25,29.28,29.24,29.28,564964,0
EDR.US,60,20241017,160000,29.3,29.33,29.19,29.26,25394,0
EDR.US,60,20241017,170000,29.25,29.36,29.25,29.35,228127,0
EDR.US,60,20241017,180000,29.35,29.35,29.25,29.26,156808,0
EDR.US,60,20241017,190000,29.25,29.34,29.25,29.31,142795,0
EDR.US,60,20241017,200000,29.31,29.31,29.25,29.265,69594,0
EDR.US,60,20241017,210000,29.27,29.32,29.25,29.305,105478,0
EDR.US,60,20241017,220000,29.3,29.375,29.285,29.36,451744,0
EDR.US,60,20241018,160000,29.42,29.54,29.31,29.35,37939,0
EDR.US,60,20241018,170000,29.36,29.38,29.255,29.28,158691,0
EDR.US,60,20241018,180000,29.285,29.31,29.26,29.295,128911,0
EDR.US,60,20241018,190000,29.3,29.33,29.285,29.31,119523,0
EDR.US,60,20241018,200000,29.305,29.32,29.28,29.305,64433,0
EDR.US,60,20241018,210000,29.31,29.36,29.3,29.349,68152,0
EDR.US,60,20241018,220000,29.345,29.52,29.34,29.45,463019,0
EDR.US,60,20241021,160000,29.26,29.45,29.26,29.294,117088,0
EDR.US,60,20241021,170000,29.28,29.3,29.26,29.275,201822,0
EDR.US,60,20241021,180000,29.275,29.29,29.265,29.275,145599,0
EDR.US,60,20241021,190000,29.275,29.31,29.265,29.29,773786,0
EDR.US,60,20241021,200000,29.29,29.31,29.285,29.3,366487,0
EDR.US,60,20241021,210000,29.31,29.31,29.275,29.275,225304,0
EDR.US,60,20241021,220000,29.28,29.49,29.27,29.36,597458,0
EDR.US,60,20241022,160000,29.14,29.31,29.135,29.304,169358,0
EDR.US,60,20241022,170000,29.305,29.325,29.13,29.2,918708,0
EDR.US,60,20241022,180000,29.2,29.28,29.18,29.185,365161,0
EDR.US,60,20241022,190000,29.185,29.22,29.16,29.17,358482,0
EDR.US,60,20241022,200000,29.175,29.265,29.17,29.255,338026,0
EDR.US,60,20241022,210000,29.255,29.29,29.205,29.215,348668,0
EDR.US,60,20241022,220000,29.215,29.31,29.175,29.27,654531,0
EDR.US,60,20241023,160000,29.27,29.38,29.27,29.315,158003,0
EDR.US,60,20241023,170000,29.305,29.335,29.28,29.32,562484,0
EDR.US,60,20241023,180000,29.32,29.34,29.27,29.27,286004,0
EDR.US,60,20241023,190000,29.265,29.295,29.25,29.28,258518,0
EDR.US,60,20241023,200000,29.275,29.28,29.23,29.26,263864,0
EDR.US,60,20241023,210000,29.26,29.285,29.24,29.27,301307,0
EDR.US,60,20241023,220000,29.265,29.27,29.17,29.19,509556,0
EDR.US,60,20241024,160000,29.3,29.33,29.19,29.2,131262,0
EDR.US,60,20241024,170000,29.195,29.21,28.55,28.935,820034,0
EDR.US,60,20241024,180000,28.935,28.94,28.77,28.895,558969,0
EDR.US,60,20241024,190000,28.9,29.02,28.87,28.92,479998,0
EDR.US,60,20241024,200000,28.91,28.915,28.83,28.865,263459,0
EDR.US,60,20241024,210000,28.85,28.91,28.81,28.885,138299,0
EDR.US,60,20241024,220000,28.885,28.93,28.75,28.76,896845,0
EDR.US,60,20241025,160000,28.79,28.835,28.59,28.59,46863,0
EDR.US,60,20241025,170000,28.6,28.85,28.58,28.85,161405,0
EDR.US,60,20241025,180000,28.84,28.94,28.83,28.905,69854,0
EDR.US,60,20241025,190000,28.905,28.93,28.895,28.9,48855,0
EDR.US,60,20241025,200000,28.9,28.95,28.875,28.93,116130,0
EDR.US,60,20241025,210000,28.925,28.94,28.915,28.9301,42406,0
EDR.US,60,20241025,220000,28.93,28.94,28.86,28.89,273612,0
EDR.US,60,20241028,150000,28.97,29.04,28.87,28.9,35006,0
EDR.US,60,20241028,160000,28.9,28.94,28.86,28.91,264227,0
EDR.US,60,20241028,170000,28.92,28.94,28.89,28.91,40373,0
EDR.US,60,20241028,180000,28.9,28.92,28.9,28.92,25863,0
EDR.US,60,20241028,190000,28.92,28.955,28.905,28.915,56207,0
EDR.US,60,20241028,200000,28.915,28.99,28.91,28.98,85930,0
EDR.US,60,20241028,210000,28.98,29.15,28.975,29.13,497889,0
EDR.US,60,20241029,150000,29.2,29.3,29.06,29.27,604782,0
EDR.US,60,20241029,160000,29.25,29.29,29.215,29.265,194080,0
EDR.US,60,20241029,170000,29.2516,29.3,29.24,29.27,125360,0
EDR.US,60,20241029,180000,29.265,29.27,29.24,29.27,40737,0
EDR.US,60,20241029,190000,29.265,29.265,29.24,29.265,67154,0
EDR.US,60,20241029,200000,29.27,29.27,29.25,29.25,35223,0
EDR.US,60,20241029,210000,29.25,29.27,29.24,29.26,456743,0
EDR.US,60,20241030,150000,29.17,29.35,29.12,29.35,85666,0
EDR.US,60,20241030,160000,29.36,29.39,29.315,29.385,60808,0
EDR.US,60,20241030,170000,29.385,29.41,29.375,29.405,70363,0
EDR.US,60,20241030,180000,29.405,29.41,29.35,29.395,69564,0
EDR.US,60,20241030,190000,29.4,29.405,29.34,29.39,105007,0
EDR.US,60,20241030,200000,29.385,29.385,29.325,29.36,208237,0
EDR.US,60,20241030,210000,29.35,29.41,29.345,29.41,383137,0
EDR.US,60,20241031,150000,29.44,29.48,29.37,29.431,30020,0
EDR.US,60,20241031,160000,29.42,29.475,29.41,29.455,89216,0
EDR.US,60,20241031,170000,29.45,29.51,29.45,29.5,101482,0
EDR.US,60,20241031,180000,29.495,29.525,29.46,29.505,263469,0
EDR.US,60,20241031,190000,29.505,29.53,29.5,29.525,53909,0
EDR.US,60,20241031,200000,29.525,29.535,29.49,29.52,93925,0
EDR.US,60,20241031,210000,29.515,29.52,29.47,29.49,571973,0
EDR.US,60,20241101,150000,29.67,29.67,29.485,29.52,53150,0
EDR.US,60,20241101,160000,29.51,29.53,29.48,29.51,94374,0
EDR.US,60,20241101,170000,29.5,29.535,29.485,29.5,266381,0
EDR.US,60,20241101,180000,29.5,29.515,29.495,29.515,76324,0
EDR.US,60,20241101,190000,29.52,29.52,29.4506,29.5,36089,0
EDR.US,60,20241101,200000,29.505,29.51,29.48,29.505,44628,0
EDR.US,60,20241101,210000,29.501,29.51,29.39,29.49,333406,0
EDR.US,60,20241104,160000,29.47,29.505,29.43,29.48,39587,0
EDR.US,60,20241104,170000,29.48,29.48,29.335,29.38,121312,0
EDR.US,60,20241104,180000,29.385,29.4,29.23,29.235,102350,0
EDR.US,60,20241104,190000,29.24,29.295,29.205,29.205,121891,0
EDR.US,60,20241104,200000,29.205,29.205,29.09,29.115,139137,0
EDR.US,60,20241104,210000,29.12,29.19,29.1,29.14,109145,0
EDR.US,60,20241104,220000,29.14,29.15,28.98,28.99,595653,0
EDR.US,60,20241105,160000,29.1,29.16,29.055,29.1159,15209,0
EDR.US,60,20241105,170000,29.095,29.225,29.095,29.155,56502,0
EDR.US,60,20241105,180000,29.1525,29.18,29.145,29.155,51349,0
EDR.US,60,20241105,190000,29.155,29.16,29.085,29.1,27687,0
EDR.US,60,20241105,200000,29.1,29.1,29.075,29.075,7550,0
EDR.US,60,20241105,210000,29.071,29.08,29.02,29.04,43267,0
EDR.US,60,20241105,220000,29.05,29.065,29.01,29.01,110650,0
EDR.US,60,20241106,160000,29.26,29.385,29.09,29.155,118281,0
EDR.US,60,20241106,170000,29.155,29.195,29.05,29.06,152753,0
EDR.US,60,20241106,180000,29.06,29.07,29.01,29.035,140702,0
EDR.US,60,20241106,190000,29.04,29.06,29.02,29.03,124022,0
EDR.US,60,20241106,200000,29.03,29.11,29.02,29.09,155436,0
EDR.US,60,20241106,210000,29.1,29.16,29.06,29.06,197784,0
EDR.US,60,20241106,220000,29.065,29.07,28.94,29.03,922544,0
EDR.US,60,20241107,160000,29.15,29.15,28.78,28.95,111214,0
EDR.US,60,20241107,170000,28.945,28.98,28.9,28.93,119296,0
EDR.US,60,20241107,180000,28.925,28.97,28.9,28.955,73036,0
EDR.US,60,20241107,190000,28.955,28.96,28.91,28.94,45619,0
EDR.US,60,20241107,200000,28.945,28.99,28.925,28.9799,70601,0
EDR.US,60,20241107,210000,28.985,29.05,28.98,29.045,58087,0
EDR.US,60,20241107,220000,29.045,29.055,28.96,28.99,261128,0
EDR.US,60,20241108,160000,28.99,29.0534,28.9135,29.02,4524,0
EDR.US,60,20241108,170000,29.03,29.04,28.91,28.925,37179,0
EDR.US,60,20241108,180000,28.925,28.94,28.9,28.92,43427,0
EDR.US,60,20241108,190000,28.92,28.92,28.91,28.91,16020,0
EDR.US,60,20241108,200000,28.915,28.92,28.91,28.915,27337,0
EDR.US,60,20241108,210000,28.92,28.94,28.91,28.94,30339,0
EDR.US,60,20241108,220000,28.935,29.01,28.92,28.95,226906,0
EDR.US,60,20241111,160000,28.93,29.04,28.93,29.02,12623,0
EDR.US,60,20241111,170000,29.02,29.03,28.935,29,118689,0
EDR.US,60,20241111,180000,29.005,29.04,28.99,29.02,49318,0
EDR.US,60,20241111,190000,29.025,29.03,28.975,28.975,24943,0
EDR.US,60,20241111,200000,28.97,28.97,28.91,28.93,16416,0
EDR.US,60,20241111,210000,28.925,28.99,28.925,28.985,16636,0
EDR.US,60,20241111,220000,28.985,28.985,28.9,28.9,206587,0
EDR.US,60,20241112,160000,28.99,29.015,28.92,28.92,4352,0
EDR.US,60,20241112,170000,28.925,28.94,28.885,28.9,69118,0
EDR.US,60,20241112,180000,28.9,28.91,28.88,28.89,35658,0
EDR.US,60,20241112,190000,28.9,28.905,28.88,28.895,51817,0
EDR.US,60,20241112,200000,28.9,28.9,28.89,28.9,19537,0
EDR.US,60,20241112,210000,28.9,28.91,28.89,28.905,26518,0
EDR.US,60,20241112,220000,28.91,28.99,28.905,28.99,305266,0
EDR.US,60,20241113,160000,28.87,29.17,28.87,29.15,32087,0
EDR.US,60,20241113,170000,29.135,29.14,29.03,29.05,57747,0
EDR.US,60,20241113,180000,29.06,29.11,29.025,29.03,418365,0
EDR.US,60,20241113,190000,29.025,29.03,28.925,28.97,64419,0
EDR.US,60,20241113,200000,28.97,28.99,28.95,28.95,28127,0
EDR.US,60,20241113,210000,28.955,28.96,28.92,28.94,29811,0
EDR.US,60,20241113,220000,28.935,28.935,28.84,28.84,231715,0
EDR.US,60,20241114,160000,28.855,28.99,28.82,28.945,10076,0
EDR.US,60,20241114,170000,28.92,28.98,28.92,28.965,80935,0
EDR.US,60,20241114,180000,28.96,28.97,28.905,28.92,39890,0
EDR.US,60,20241114,190000,28.92,28.94,28.89,28.92,45674,0
EDR.US,60,20241114,200000,28.92,28.93,28.885,28.925,45205,0
EDR.US,60,20241114,210000,28.925,28.93,28.825,28.843976,143105,0
EDR.US,60,20241114,220000,28.845,28.885,28.79,28.83,361826,0
EDR.US,60,20241115,160000,28.82,28.9,28.8,28.85,55035,0
EDR.US,60,20241115,170000,28.845,28.87,28.78,28.825,534905,0
EDR.US,60,20241115,180000,28.83,28.92,28.825,28.885,657124,0
EDR.US,60,20241115,190000,28.885,29.005,28.88,28.98,224614,0
EDR.US,60,20241115,200000,28.98,28.98,28.93,28.96,135429,0
EDR.US,60,20241115,210000,28.96,28.97,28.91,28.96,260786,0
EDR.US,60,20241115,220000,28.96,29.005,28.95,28.98,688815,0
EDR.US,60,20241118,160000,28.925,29.06,28.925,29,57665,0
EDR.US,60,20241118,170000,29,29.12,28.99,29.08,99797,0
EDR.US,60,20241118,180000,29.08,29.09,29.08,29.085,19751,0
EDR.US,60,20241118,190000,29.085,29.09,29.07,29.075,74461,0
EDR.US,60,20241118,200000,29.07,29.08,29.07,29.07,23773,0
EDR.US,60,20241118,210000,29.07,29.09,29.05,29.075,153017,0
EDR.US,60,20241118,220000,29.08,29.14,29.07,29.1,296293,0
EDR.US,60,20241119,160000,29.09,29.09,28.99,29.06,18610,0
EDR.US,60,20241119,170000,29.07,29.14,29.045,29.14,67564,0
EDR.US,60,20241119,180000,29.135,29.135,29.1,29.105,30193,0
EDR.US,60,20241119,190000,29.105,29.11,29.08,29.085,35473,0
EDR.US,60,20241119,200000,29.085,29.14,29.07,29.105,52225,0
EDR.US,60,20241119,210000,29.105,29.19,29.075,29.19,145738,0
EDR.US,60,20241119,220000,29.195,29.26,29.155,29.23,397245,0
EDR.US,60,20241120,160000,29.3,29.358,29.275,29.315,31602,0
EDR.US,60,20241120,170000,29.315,29.49,29.3,29.405,484576,0
EDR.US,60,20241120,180000,29.4,29.435,29.39,29.415,49163,0
EDR.US,60,20241120,190000,29.42,29.42,29.395,29.405,45315,0
EDR.US,60,20241120,200000,29.4,29.42,29.38,29.41,82218,0
EDR.US,60,20241120,210000,29.4,29.41,29.4,29.4,15106,0
EDR.US,60,20241120,220000,29.405,29.415,29.315,29.39,538794,0
EDR.US,60,20241121,160000,29.275,29.47,29.26,29.42,105263,0
EDR.US,60,20241121,170000,29.4,29.57,29.37,29.5,149950,0
EDR.US,60,20241121,180000,29.48,29.53,29.465,29.51,88531,0
EDR.US,60,20241121,190000,29.505,29.51,29.425,29.475,79286,0
EDR.US,60,20241121,200000,29.47,29.475,29.425,29.45,128839,0
EDR.US,60,20241121,210000,29.45,29.47,29.43,29.465,154767,0
EDR.US,60,20241121,220000,29.47,29.55,29.445,29.55,232604,0
EDR.US,60,20241122,160000,29.5,29.58,29.5,29.535,7368,0
EDR.US,60,20241122,170000,29.52,29.585,29.51,29.585,22324,0
EDR.US,60,20241122,180000,29.585,29.59,29.54,29.545,52106,0
EDR.US,60,20241122,190000,29.55,29.565,29.54,29.55,32540,0
EDR.US,60,20241122,200000,29.55,29.565,29.51,29.51,31873,0
EDR.US,60,20241122,210000,29.51,29.54,29.47,29.53,43659,0
EDR.US,60,20241122,220000,29.535,29.9,29.49,29.78,526380,0
EDR.US,60,20241125,160000,29.71,29.83,29.71,29.77,3696,0
EDR.US,60,20241125,170000,29.79,29.79,29.68,29.735,66517,0
EDR.US,60,20241125,180000,29.735,29.83,29.73,29.8,39826,0
EDR.US,60,20241125,190000,29.795,29.8,29.745,29.755,87301,0
EDR.US,60,20241125,200000,29.755,29.82,29.75,29.8,42860,0
EDR.US,60,20241125,210000,29.8,29.93,29.795,29.925,47765,0
EDR.US,60,20241125,220000,29.925,30.09,29.85,29.96,799402,0
EDR.US,60,20241126,160000,30,30.12,29.98,30.1,120792,0
EDR.US,60,20241126,170000,30.06,30.2,30.04,30.15,1887512,0
EDR.US,60,20241126,180000,30.155,30.3,30.15,30.26,947246,0
EDR.US,60,20241126,190000,30.26,30.27,30.18,30.22,321954,0
EDR.US,60,20241126,200000,30.23,30.27,30.2,30.225,630115,0
EDR.US,60,20241126,210000,30.225,30.225,30,30,112013,0
EDR.US,60,20241126,220000,30,30.24,29.99,30.2,1014920,0
EDR.US,60,20241127,160000,30.3,30.3,30.09,30.22,81153,0
EDR.US,60,20241127,170000,30.22,30.28,30.165,30.275,76225,0
EDR.US,60,20241127,180000,30.28,30.3,30.265,30.28,32291,0
EDR.US,60,20241127,190000,30.2754,30.345,30.2754,30.34,357942,0
EDR.US,60,20241127,200000,30.34,30.415,30.285,30.295,66185,0
EDR.US,60,20241127,210000,30.295,30.33,30.25,30.32,268668,0
EDR.US,60,20241127,220000,30.32,30.38,30.32,30.34,186888,0
EDR.US,60,20241129,160000,30.15,30.48,30.1101,30.3,36618,0
EDR.US,60,20241129,170000,30.3,30.48,30.29,30.475,78511,0
EDR.US,60,20241129,180000,30.48,30.565,30.4,30.485,1770366,0
EDR.US,60,20241129,190000,30.485,30.495,30.35,30.38,166474,0
EDR.US,60,20241129,200000,30.37,30.37,30.37,30.37,57250,0
EDR.US,60,20241202,160000,30.31,30.34,30.15,30.235,93094,0
EDR.US,60,20241202,170000,30.215,30.395,30.21,30.36,56577,0
EDR.US,60,20241202,180000,30.36,30.43,30.36,30.425,30884,0
EDR.US,60,20241202,190000,30.425,30.44,30.37,30.435,67892,0
EDR.US,60,20241202,200000,30.43,30.52,30.4,30.515,36206,0
EDR.US,60,20241202,210000,30.515,30.59,30.515,30.59,91136,0
EDR.US,60,20241202,220000,30.585,30.59,30.47,30.48,166448,0
EDR.US,60,20241203,160000,30.41,30.42,30.33,30.4,39709,0
EDR.US,60,20241203,170000,30.41,30.49,30.395,30.45,88842,0
EDR.US,60,20241203,180000,30.45,30.45,30.37,30.42,49491,0
EDR.US,60,20241203,190000,30.425,30.45,30.41,30.435,21537,0
EDR.US,60,20241203,200000,30.435,30.4625,30.24,30.28,44504,0
EDR.US,60,20241203,210000,30.28,30.43,30.28,30.4001,44642,0
EDR.US,60,20241203,220000,30.41,30.46,30.395,30.46,83896,0
EDR.US,60,20241204,160000,30.6,30.6,30.32,30.32,8388,0
EDR.US,60,20241204,170000,30.31,30.4225,30.24,30.41,626929,0
EDR.US,60,20241204,180000,30.41,30.465,30.305,30.355,2169891,0
EDR.US,60,20241204,190000,30.355,30.3594,30.32,30.345,19839,0
EDR.US,60,20241204,200000,30.35,30.35,30.315,30.315,37235,0
EDR.US,60,20241204,210000,30.31,30.345,30.235,30.31,98074,0
EDR.US,60,20241204,220000,30.315,30.34,30.27,30.29,368101,0
EDR.US,60,20241205,160000,30.39,30.415,30.36,30.39,5854,0
EDR.US,60,20241205,170000,30.42,30.445,30.29,30.44,1272535,0
EDR.US,60,20241205,180000,30.44,30.44,30.37,30.37,51330,0
EDR.US,60,20241205,190000,30.37,30.38,30.3,30.35,63212,0
EDR.US,60,20241205,200000,30.35,30.35,30.315,30.34,8253,0
EDR.US,60,20241205,210000,30.345,30.475,30.295,30.475,1971482,0
EDR.US,60,20241205,220000,30.48,30.495,30.38,30.38,389900,0
EDR.US,60,20241206,160000,30.49,30.49,30.35,30.45,38104,0
EDR.US,60,20241206,170000,30.45,30.54,30.45,30.535,34151,0
EDR.US,60,20241206,180000,30.53,30.56,30.49,30.49,17462,0
EDR.US,60,20241206,190000,30.4911,30.4911,30.445,30.455,57008,0
EDR.US,60,20241206,200000,30.45,30.465,30.44,30.445,71946,0
EDR.US,60,20241206,210000,30.45,30.475,30.44,30.45,227127,0
EDR.US,60,20241206,220000,30.445,30.47,30.4,30.43,230643,0
EDR.US,60,20241209,160000,30.425,30.55,30.4,30.435,141664,0
EDR.US,60,20241209,170000,30.43,30.475,30.375,30.405,41965,0
EDR.US,60,20241209,180000,30.4,30.415,30.35,30.405,53827,0
EDR.US,60,20241209,190000,30.4,30.41,30.34,30.375,33195,0
EDR.US,60,20241209,200000,30.38,30.435,30.3712,30.405,64808,0
EDR.US,60,20241209,210000,30.405,30.415,30.4,30.4,44806,0
EDR.US,60,20241209,220000,30.405,30.44,30.325,30.41,386492,0
EDR.US,60,20241210,160000,30.4,30.57,30.4,30.47,9465,0
EDR.US,60,20241210,170000,30.46,30.495,30.46,30.48,12692,0
EDR.US,60,20241210,180000,30.485,30.485,30.4,30.415,7728,0
EDR.US,60,20241210,190000,30.42,30.49,30.42,30.475,36927,0
EDR.US,60,20241210,200000,30.47,30.475,30.45,30.46,14451,0
EDR.US,60,20241210,210000,30.46,30.485,30.45,30.485,15433,0
EDR.US,60,20241210,220000,30.485,30.54,30.395,30.45,327077,0
EDR.US,60,20241211,160000,30.49,30.49,30.3664,30.4733,260591,0
EDR.US,60,20241211,170000,30.462,30.48,30.45,30.46,24107,0
EDR.US,60,20241211,180000,30.4601,30.465,30.45,30.455,12475,0
EDR.US,60,20241211,190000,30.455,30.49,30.45,30.485,38616,0
EDR.US,60,20241211,200000,30.49,30.52,30.485,30.52,47211,0
EDR.US,60,20241211,210000,30.515,30.59,30.515,30.5546,14643,0
EDR.US,60,20241211,220000,30.555,30.6,30.48,30.6,422770,0
EDR.US,60,20241212,160000,30.53,30.71,30.53,30.655,6569,0
EDR.US,60,20241212,170000,30.62,30.66,30.6,30.61,42198,0
EDR.US,60,20241212,180000,30.605,30.655,30.6001,30.65,32239,0
EDR.US,60,20241212,190000,30.645,30.74,30.645,30.725,57129,0
EDR.US,60,20241212,200000,30.725,30.825,30.71,30.775,90536,0
EDR.US,60,20241212,210000,30.775,30.775,30.64,30.695,83359,0
EDR.US,60,20241212,220000,30.695,30.75,30.65,30.73,128570,0
EDR.US,60,20241213,160000,30.63,30.77,30.62,30.66,15251,0
EDR.US,60,20241213,170000,30.66,30.69,30.66,30.675,6924,0
EDR.US,60,20241213,180000,30.68,30.72,30.665,30.715,19333,0
EDR.US,60,20241213,190000,30.7195,30.72,30.69,30.72,9641,0
EDR.US,60,20241213,200000,30.72,30.73,30.69,30.695,7519,0
EDR.US,60,20241213,210000,30.7,30.775,30.695,30.745,132505,0
EDR.US,60,20241213,220000,30.745,30.7575,30.73,30.75,124072,0
EDR.US,60,20241216,160000,30.84,30.85,30.67,30.775,58576,0
EDR.US,60,20241216,170000,30.77,30.86,30.725,30.86,202458,0
EDR.US,60,20241216,180000,30.86,30.9,30.8,30.85,46698,0
EDR.US,60,20241216,190000,30.85,30.89,30.835,30.88,71330,0
EDR.US,60,20241216,200000,30.88,30.95,30.86,30.95,70937,0
EDR.US,60,20241216,210000,30.94,30.96,30.91,30.95,64027,0
EDR.US,60,20241216,220000,30.95,31.07,30.945,31.05,362856,0
EDR.US,60,20241217,160000,30.72,31.14,30.72,30.97,34508,0
EDR.US,60,20241217,170000,30.95,31,30.95,31,37774,0
EDR.US,60,20241217,180000,30.9999,31.05,30.98,31,66466,0
EDR.US,60,20241217,190000,30.99,31.05,30.985,30.995,7287910,0
EDR.US,60,20241217,200000,31,31.025,30.98,31,214359,0
EDR.US,60,20241217,210000,31,31.03,30.985,31,447117,0
EDR.US,60,20241217,220000,30.995,31.08,30.99,31,724749,0
EDR.US,60,20241218,160000,31.02,31.08,30.99,31,168011,0
EDR.US,60,20241218,170000,31.005,31.01,30.965,31,390286,0
EDR.US,60,20241218,180000,31,31.06,30.99,31.05,351009,0
EDR.US,60,20241218,190000,31.05,31.065,31.025,31.06,218292,0
EDR.US,60,20241218,200000,31.06,31.115,31.05,31.11,183398,0
EDR.US,60,20241218,210000,31.1,31.12,31.05,31.05,128960,0
EDR.US,60,20241218,220000,31.05,31.065,31.03,31.03,384542,0
EDR.US,60,20241219,160000,31.1,31.16,31.075,31.0806,8494,0
EDR.US,60,20241219,170000,31.04,31.16,31.02,31.06,143505,0
EDR.US,60,20241219,180000,31.06,31.14,31.05,31.105,142434,0
EDR.US,60,20241219,190000,31.11,31.12,31.055,31.09,32729,0
EDR.US,60,20241219,200000,31.08,31.09,31.045,31.09,17584,0
EDR.US,60,20241219,210000,31.09,31.115,31.06,31.115,90776,0
EDR.US,60,20241219,220000,31.12,31.145,31.09,31.09,359154,0
EDR.US,60,20241220,160000,30.9,31.1,30.7159,31.06,8879,0
EDR.US,60,20241220,170000,31.06,31.14,31.035,31.04,26698,0
EDR.US,60,20241220,180000,31.03,31.095,31.01,31.07,18403,0
EDR.US,60,20241220,190000,31.07,31.135,30.97,31.12,63353,0
EDR.US,60,20241220,200000,31.105,31.115,31.02,31.03,17026,0
EDR.US,60,20241220,210000,31.03,31.08,31.025,31.07,46754,0
EDR.US,60,20241220,220000,31.07,31.3,31.04,31.21,899408,0
EDR.US,60,20241223,160000,31.3,31.3,31.09,31.185,4568,0
EDR.US,60,20241223,170000,31.2,31.245,31.11,31.13,66721,0
EDR.US,60,20241223,180000,31.13,31.225,31.09,31.2,44756,0
EDR.US,60,20241223,190000,31.195,31.2,31.14,31.14,22753,0
EDR.US,60,20241223,200000,31.145,31.145,31.11,31.115,15494,0
EDR.US,60,20241223,210000,31.12,31.17,31.12,31.16,21068,0
EDR.US,60,20241223,220000,31.15,31.2,31.15,31.2,138769,0
EDR.US,60,20241224,160000,31.215,31.42,31.16,31.16,96947,0
EDR.US,60,20241224,170000,31.19,31.31,31.175,31.22,181835,0
EDR.US,60,20241224,180000,31.22,31.26,31.21,31.255,111600,0
EDR.US,60,20241224,190000,31.255,31.27,31.17,31.26,127813,0
EDR.US,60,20241224,200000,31.29,31.29,31.29,31.29,10514,0
EDR.US,60,20241226,160000,31.21,31.2772,31.12,31.19,38412,0
EDR.US,60,20241226,170000,31.175,31.32,31.17,31.32,25074,0
EDR.US,60,20241226,180000,31.32,31.35,31.32,31.33,8397,0
EDR.US,60,20241226,190000,31.33,31.335,31.215,31.23,10214,0
EDR.US,60,20241226,200000,31.23,31.27,31.23,31.26,7202,0
EDR.US,60,20241226,210000,31.26,31.29,31.26,31.285,10156,0
EDR.US,60,20241226,220000,31.285,31.31,31.225,31.23,73965,0
EDR.US,60,20241227,160000,31.16,31.34,31.16,31.29,7531,0
EDR.US,60,20241227,170000,31.27,31.32,31.2,31.3,40196,0
EDR.US,60,20241227,180000,31.3,31.315,31.26,31.265,31414,0
EDR.US,60,20241227,190000,31.265,31.3,31.25,31.3,8422,0
EDR.US,60,20241227,200000,31.3,31.33,31.24,31.245,17683,0
EDR.US,60,20241227,210000,31.24,31.27,31.23,31.27,12175,0
EDR.US,60,20241227,220000,31.27,31.355,31.215,31.34,774495,0
EDR.US,60,20241230,160000,31.031,31.31,31.031,31.22,11229,0
EDR.US,60,20241230,170000,31.2,31.275,31.2,31.26,78684,0
EDR.US,60,20241230,180000,31.26,31.28,31.225,31.235,24697,0
EDR.US,60,20241230,190000,31.235,31.26,31.22,31.23,19939,0
EDR.US,60,20241230,200000,31.235,31.28,31.23,31.28,7063,0
EDR.US,60,20241230,210000,31.28,31.28,31.26,31.27,9366,0
EDR.US,60,20241230,220000,31.2635,31.265,31.2,31.21,130594,0
EDR.US,60,20241231,160000,31.25,31.32,31.25,31.3,4443,0
EDR.US,60,20241231,170000,31.3,31.3,31.215,31.215,17915,0
EDR.US,60,20241231,180000,31.21,31.24,31.205,31.22,95988,0
EDR.US,60,20241231,190000,31.22,31.28,31.22,31.275,140928,0
EDR.US,60,20241231,200000,31.275,31.275,31.22,31.24,63282,0
EDR.US,60,20241231,210000,31.245,31.25,31.23,31.23,6695,0
EDR.US,60,20241231,220000,31.24,31.29,31.23,31.29,218847,0
EDR.US,60,20250102,160000,31.345,31.455,31.11,31.44,103692,0
EDR.US,60,20250102,170000,31.45,31.49,31.25,31.35,25888,0
EDR.US,60,20250102,180000,31.35,31.37,31.32,31.35,9667,0
EDR.US,60,20250102,190000,31.33,31.35,31.23,31.275,45692,0
EDR.US,60,20250102,200000,31.2773,31.31,31.275,31.31,17647,0
EDR.US,60,20250102,210000,31.295,31.32,31.28,31.3,25656,0
EDR.US,60,20250102,220000,31.29,31.32,31.24,31.26,149589,0
EDR.US,60,20250103,160000,31.25,31.41,31.23,31.26,20655,0
EDR.US,60,20250103,170000,31.25,31.305,31.11,31.19,282138,0
EDR.US,60,20250103,180000,31.23,31.24,31.18,31.23,9209,0
EDR.US,60,20250103,190000,31.2001,31.23,31.18,31.2,19579,0
EDR.US,60,20250103,200000,31.21,31.21,31.19,31.2,16356,0
EDR.US,60,20250103,210000,31.21,31.31,31.2,31.2,29331,0
EDR.US,60,20250103,220000,31.21,31.27,31.12,31.2,80836,0
EDR.US,60,20250106,160000,31.02,31.34,31.02,31.3299,6340,0
EDR.US,60,20250106,170000,31.33,31.33,31.11,31.165,47460,0
EDR.US,60,20250106,180000,31.19,31.225,31.15,31.17,9370,0
EDR.US,60,20250106,190000,31.2,31.225,31.17,31.19,20151,0
EDR.US,60,20250106,200000,31.2,31.218,31.12,31.12,11816,0
EDR.US,60,20250106,210000,31.145,31.2,31.09,31.13,53568,0
EDR.US,60,20250106,220000,31.125,31.19,31.01,31.15,178937,0
EDR.US,60,20250107,160000,31.095,31.2,31.06,31.13,22716,0
EDR.US,60,20250107,170000,31.11,31.2,31.1,31.195,13104,0
EDR.US,60,20250107,180000,31.195,31.2,31.155,31.17,25198,0
EDR.US,60,20250107,190000,31.16,31.17,31.14,31.15,17139,0
EDR.US,60,20250107,200000,31.15,31.2,31.085,31.085,65361,0
EDR.US,60,20250107,210000,31.085,31.11,30.94,31.04,38142,0
EDR.US,60,20250107,220000,31.02,31.04,30.45,30.65,264420,0
EDR.US,60,20250108,160000,30.8999,30.8999,30.675,30.75,2194,0
EDR.US,60,20250108,170000,30.75,30.77,30.54,30.54,10838,0
EDR.US,60,20250108,180000,30.54,30.56,30.29,30.47,155855,0
EDR.US,60,20250108,190000,30.47,30.475,30.31,30.41,72746,0
EDR.US,60,20250108,200000,30.42,30.49,30.38,30.415,59894,0
EDR.US,60,20250108,210000,30.41,30.49,30.385,30.45,51424,0
EDR.US,60,20250108,220000,30.46,30.47,30.27,30.34,190999,0
EDR.US,60,20250110,160000,30.125,30.225,30.04,30.13,18462,0
EDR.US,60,20250110,170000,30.1,30.13,30.08,30.13,27892,0
EDR.US,60,20250110,180000,30.12,30.17,30.1,30.14,64860,0
EDR.US,60,20250110,190000,30.14,30.17,30.13,30.14,13243,0
EDR.US,60,20250110,200000,30.14,30.16,30.1,30.121,76833,0
EDR.US,60,20250110,210000,30.115,30.17,30.095,30.1,56668,0
EDR.US,60,20250110,220000,30.1,30.15,30.1,30.13,162492,0
EDR.US,60,20250113,160000,30.12,30.27,30.12,30.27,2900,0
EDR.US,60,20250113,170000,30.2,30.245,30.15,30.245,14611,0
EDR.US,60,20250113,180000,30.23,30.27,30.17,30.21,20385,0
EDR.US,60,20250113,190000,30.205,30.27,30.2,30.27,22150,0
EDR.US,60,20250113,200000,30.25,30.2886,30.25,30.26,16704,0
EDR.US,60,20250113,210000,30.265,30.345,30.25,30.3,164195,0
EDR.US,60,20250113,220000,30.3,30.385,30.26,30.37,195065,0
EDR.US,60,20250114,160000,30.5,30.5,30.42,30.42,1302,0
EDR.US,60,20250114,170000,30.42,30.64,30.42,30.62,16706,0
EDR.US,60,20250114,180000,30.62,30.65,30.55,30.58,24130,0
EDR.US,60,20250114,190000,30.58,30.6299,30.54,30.565,47037,0
EDR.US,60,20250114,200000,30.56,30.685,30.54,30.665,39763,0
EDR.US,60,20250114,210000,30.665,30.71,30.62,30.65,71157,0
EDR.US,60,20250114,220000,30.64,30.69,30.6,30.69,179303,0
EDR.US,60,20250115,160000,30.72,30.88,30.65,30.84,41590,0
EDR.US,60,20250115,170000,30.89,30.93,30.765,30.81,124125,0
EDR.US,60,20250115,180000,30.795,30.85,30.705,30.83,50110,0
EDR.US,60,20250115,190000,30.86,31.05,30.82,30.94,73942,0
EDR.US,60,20250115,200000,30.94,30.94,30.69,30.69,259297,0
EDR.US,60,20250115,210000,30.69,30.6934,30.44,30.51,52087,0
EDR.US,60,20250115,220000,30.505,30.52,30.32,30.32,227294,0
EDR.US,60,20250116,160000,30.5,30.6,30.3,30.42,169826,0
EDR.US,60,20250116,170000,30.42,30.45,30.25,30.405,330347,0
EDR.US,60,20250116,180000,30.405,30.51,30.27,30.345,206390,0
EDR.US,60,20250116,190000,30.345,30.41,30.28,30.3,141791,0
EDR.US,60,20250116,200000,30.3,30.37,30.26,30.37,137778,0
EDR.US,60,20250116,210000,30.355,30.46,30.35,30.45,100076,0
EDR.US,60,20250116,220000,30.45,30.59,30.42,30.48,598852,0
EDR.US,60,20250117,160000,30.41,30.61,30.41,30.6,46859,0
EDR.US,60,20250117,170000,30.655,30.94,30.6,30.875,247988,0
EDR.US,60,20250117,180000,30.875,30.97,30.85,30.92,96692,0
EDR.US,60,20250117,190000,30.92,31.29,30.92,31.13,247627,0
EDR.US,60,20250117,200000,31.13,31.39,31.02,31.09,300776,0
EDR.US,60,20250117,210000,31.05,31.4,31.05,31.1,372177,0
EDR.US,60,20250117,220000,31.09,31.24,30.975,31.03,1147829,0
EDR.US,60,20250121,160000,30.92,31.12,30.85,30.985,410447,0
EDR.US,60,20250121,170000,30.985,30.985,30.525,30.6,743909,0
EDR.US,60,20250121,180000,30.59,30.595,30.3283,30.4,303121,0
EDR.US,60,20250121,190000,30.41,30.45,30.35,30.38,182939,0
EDR.US,60,20250121,200000,30.38,30.39,30.095,30.19,393658,0
EDR.US,60,20250121,210000,30.16,30.23,30.09,30.14,263398,0
EDR.US,60,20250121,220000,30.13,30.3,30.09,30.2,1729621,0
EDR.US,60,20250122,160000,30.22,30.22,29.1906,29.675,535561,0
EDR.US,60,20250122,170000,29.675,29.74,29.51,29.6,1145509,0
EDR.US,60,20250122,180000,29.6,29.64,29.3,29.41,1290865,0
EDR.US,60,20250122,190000,29.41,29.52,29.41,29.46,784853,0
EDR.US,60,20250122,200000,29.455,29.54,29.39,29.5,654883,0
EDR.US,60,20250122,210000,29.515,29.54,29.4,29.495,889427,0
EDR.US,60,20250122,220000,29.495,29.9,29.49,29.7,3267208,0
EDR.US,60,20250123,160000,29.76,30.23,29.7,30.15,494298,0
EDR.US,60,20250123,170000,30.165,30.76,30.165,30.655,688081,0
EDR.US,60,20250123,180000,30.655,31.04,30.65,31.01,255660,0
EDR.US,60,20250123,190000,31.02,31.15,30.955,30.985,886561,0
EDR.US,60,20250123,200000,30.985,31.18,30.935,31.12,684199,0
EDR.US,60,20250123,210000,31.12,31.25,31.01,31.01,562993,0
EDR.US,60,20250123,220000,31.02,31.025,30.67,30.9,2576172,0
EDR.US,60,20250124,160000,30.9301,31.0599,30.65,30.845,46827,0
EDR.US,60,20250124,170000,30.845,31.07,30.83,30.9914,247914,0
EDR.US,60,20250124,180000,30.99,31.13,30.99,31.09,109428,0
EDR.US,60,20250124,190000,31.11,31.31,31.07,31.105,384962,0
EDR.US,60,20250124,200000,31.105,31.24,31.02,31.195,66820,0
EDR.US,60,20250124,210000,31.19,31.55,31.12,31.425,453571,0
EDR.US,60,20250124,220000,31.39,31.76,31.355,31.61,1324384,0
EDR.US,60,20250127,160000,31.7499,31.99,31.5,31.81,98931,0
EDR.US,60,20250127,170000,31.83,31.89,31.66,31.76,65616,0
EDR.US,60,20250127,180000,31.76,31.96,31.75,31.86,60596,0
EDR.US,60,20250127,190000,31.83,32.04,31.83,31.95,97471,0
EDR.US,60,20250127,200000,31.95,31.96,31,31,1109692,0
EDR.US,60,20250127,210000,31.04,31.34,30.91,31.32,94082,0
EDR.US,60,20250127,220000,31.295,31.87,31.26,31.67,1204053,0
EDR.US,60,20250128,160000,31.26,32.055,31.26,32.055,48315,0
EDR.US,60,20250128,170000,32.055,32.285,31.79,31.85,475872,0
EDR.US,60,20250128,180000,31.81,31.86,31.685,31.77,230020,0
EDR.US,60,20250128,190000,31.78,31.8,31.61,31.72,139174,0
EDR.US,60,20250128,200000,31.75,31.8,31.68,31.75,126313,0
EDR.US,60,20250128,210000,31.73,31.74,31.48,31.48,125147,0
EDR.US,60,20250128,220000,31.48,31.51,31.09,31.32,1147200,0
EDR.US,60,20250129,160000,31.03,31.325,30.87,30.89,21451,0
EDR.US,60,20250129,170000,30.86,30.93,30.25,30.345,200054,0
EDR.US,60,20250129,180000,30.355,30.51,30.335,30.42,94607,0
EDR.US,60,20250129,190000,30.41,30.58,30.39,30.57,100817,0
EDR.US,60,20250129,200000,30.59,30.6642,30.42,30.45,44060,0
EDR.US,60,20250129,210000,30.44,30.48,30.02,30.325,133117,0
EDR.US,60,20250129,220000,30.304,30.66,30.29,30.39,519350,0
EDR.US,60,20250130,160000,30.852,30.87,30.55,30.555,12221,0
EDR.US,60,20250130,170000,30.545,30.71,30.44,30.57,61578,0
EDR.US,60,20250130,180000,30.57,30.925,30.57,30.805,105533,0
EDR.US,60,20250130,190000,30.78,30.89,30.68,30.821,77660,0
EDR.US,60,20250130,200000,30.835,30.94,30.78,30.9,108299,0
EDR.US,60,20250130,210000,30.9,31.14,30.86,31.085,174790,0
EDR.US,60,20250130,220000,31.071,31.34,31,31.01,359093,0
EDR.US,60,20250131,160000,32.22,32.22,29.9,29.98,39400,0
EDR.US,60,20250131,170000,29.99,30.21,29.65,29.77,132878,0
EDR.US,60,20250131,180000,29.795,30.21,29.795,30.16,64974,0
EDR.US,60,20250131,190000,30.17,30.52,30.1,30.1,99566,0
EDR.US,60,20250131,200000,30.14,30.15,29.97,30.15,28304,0
EDR.US,60,20250131,210000,30.15,30.62,30.135,30.62,223846,0
EDR.US,60,20250131,220000,30.64,30.77,30.25,30.58,399052,0
EDR.US,60,20250203,160000,30.06,30.46,30.06,30.39,4642,0
EDR.US,60,20250203,170000,30.41,30.5,30.1,30.39,37429,0
EDR.US,60,20250203,180000,30.39,30.41,30.14,30.14,30173,0
EDR.US,60,20250203,190000,30.09,30.27,30.09,30.16,40949,0
EDR.US,60,20250203,200000,30.15,30.22,30.05,30.065,52614,0
EDR.US,60,20250203,210000,30.04,30.28,30.01,30.26,67921,0
EDR.US,60,20250203,220000,30.24,30.44,30.24,30.44,259543,0
EDR.US,60,20250204,160000,30.5035,30.5035,30.43,30.45,1335,0
EDR.US,60,20250204,170000,30.47,30.66,30.47,30.66,22088,0
EDR.US,60,20250204,180000,30.6,30.7939,30.59,30.75,15363,0
EDR.US,60,20250204,190000,30.75,30.9099,30.74,30.78,9849,0
EDR.US,60,20250204,200000,30.78,30.97,30.78,30.945,105442,0
EDR.US,60,20250204,210000,30.92,31.15,30.92,31.13,65995,0
EDR.US,60,20250204,220000,31.11,31.13,30.89,30.9,197927,0
EDR.US,60,20250205,160000,31.01,31.27,30.65,30.9,37805,0
EDR.US,60,20250205,170000,30.92,30.92,30.6687,30.83,24699,0
EDR.US,60,20250205,180000,30.78,30.79,30.47,30.65,92070,0
EDR.US,60,20250205,190000,30.65,30.65,30.47,30.515,21817,0
EDR.US,60,20250205,200000,30.56,30.89,30.525,30.89,12801,0
EDR.US,60,20250205,210000,30.89,30.93,30.86,30.89,11477,0
EDR.US,60,20250205,220000,30.86,30.87,30.69,30.86,133644,0
EDR.US,60,20250206,160000,31,31,30.8301,30.92,4639,0
EDR.US,60,20250206,170000,30.92,31.05,30.8803,31.05,1628,0
EDR.US,60,20250206,180000,31.1,31.16,31.02,31.14,23055,0
EDR.US,60,20250206,190000,31.13,31.175,31.0401,31.0401,22914,0
EDR.US,60,20250206,200000,31.055,31.13,31.04,31.12,13758,0
EDR.US,60,20250206,210000,31.114,31.17,31.1,31.17,37330,0
EDR.US,60,20250206,220000,31.18,31.39,31.15,31.36,115123,0
EDR.US,60,20250207,160000,31.525,32.145,31.41,32.12,10163,0
EDR.US,60,20250207,170000,32.22,32.5625,32.12,32.54,60725,0
EDR.US,60,20250207,180000,32.58,32.71,32.21,32.22,29596,0
EDR.US,60,20250207,190000,32.1096,32.24,32.1,32.19,13152,0
EDR.US,60,20250207,200000,32.15,32.68,32.14,32.41,36067,0
EDR.US,60,20250207,210000,32.37,32.63,32.34,32.43,42007,0
EDR.US,60,20250207,220000,32.38,32.9,32.35,32.54,228360,0
EDR.US,60,20250210,160000,33.01,33.951,32.76,33.8803,19893,0
EDR.US,60,20250210,170000,33.84,33.95,33.35,33.55,18078,0
EDR.US,60,20250210,180000,33.45,33.5383,33.04,33.04,15701,0
EDR.US,60,20250210,190000,33.1,33.33,33,33.23,18207,0
EDR.US,60,20250210,200000,33.23,33.38,33.1,33.33,12138,0
EDR.US,60,20250210,210000,33.322,33.5,33.29,33.4001,27100,0
EDR.US,60,20250210,220000,33.41,33.64,33.4,33.51,119437,0
EDR.US,60,20250211,160000,33.5,34.135,33.4527,34.01,21826,0
EDR.US,60,20250211,170000,34.01,34.06,33.88,33.99,12008,0
EDR.US,60,20250211,180000,33.99,34.1699,33.98,34.1699,26112,0
EDR.US,60,20250211,190000,34.17,34.3299,34.1122,34.3299,17178,0
EDR.US,60,20250211,200000,34.29,34.7,34.24,34.49,90788,0
EDR.US,60,20250211,210000,34.49,34.545,34.345,34.45,88536,0
EDR.US,60,20250211,220000,34.485,34.77,34.45,34.56,153734,0
EDR.US,60,20250212,160000,33.3,34.2899,33.3,34.17,6336,0
EDR.US,60,20250212,170000,34.04,34.85,34,34.635,36194,0
EDR.US,60,20250212,180000,34.65,34.83,34.52,34.7136,31774,0
EDR.US,60,20250212,190000,34.715,34.75,34.48,34.66,125812,0
EDR.US,60,20250212,200000,34.67,34.75,34.62,34.655,52052,0
EDR.US,60,20250212,210000,34.64,34.77,34.64,34.73,64552,0
EDR.US,60,20250212,220000,34.73,34.89,34.69,34.88,116191,0
EDR.US,60,20250213,160000,34.665,35.1,34.5526,35.02,9565,0
EDR.US,60,20250213,170000,35.08,35.6,35.04,35.5362,43310,0
EDR.US,60,20250213,180000,35.56,35.82,35.53,35.75,19348,0
EDR.US,60,20250213,190000,35.755,35.8904,35.63,35.63,62981,0
EDR.US,60,20250213,200000,35.68,35.715,35.58,35.645,102752,0
EDR.US,60,20250213,210000,35.64,35.7,35.57,35.66,97930,0
EDR.US,60,20250213,220000,35.65,35.7237,35.48,35.5,46764,0
EDR.US,60,20250214,160000,35.3616,35.425,35.2001,35.425,9511,0
EDR.US,60,20250214,170000,35.55,35.9899,35.54,35.87,13153,0
EDR.US,60,20250214,180000,35.87,35.87,35.595,35.595,4941,0
EDR.US,60,20250214,190000,35.64,35.68,35.4909,35.53,23603,0
EDR.US,60,20250214,200000,35.53,35.62,35.52,35.62,8325,0
EDR.US,60,20250214,210000,35.65,35.66,35.485,35.485,13511,0
EDR.US,60,20250214,220000,35.48,35.595,35.15,35.17,121544,0
EDR.US,60,20250218,160000,34.83,34.88,34.03,34.03,12956,0
EDR.US,60,20250218,170000,34.02,34.02,31.25,32.08,72862,0
EDR.US,60,20250218,180000,32.0874,32.1307,30.73,30.74,134486,0
EDR.US,60,20250218,190000,30.74,31.52,30.44,30.6,95326,0
EDR.US,60,20250218,200000,30.72,30.77,30.42,30.545,46544,0
EDR.US,60,20250218,210000,30.4255,30.989,30.4255,30.92,32464,0
EDR.US,60,20250218,220000,30.91,30.94,30.57,30.65,128093,0
EDR.US,60,20250219,160000,30.5,30.6309,30.28,30.505,37485,0
EDR.US,60,20250219,170000,30.515,30.65,30.4453,30.58,12378,0
EDR.US,60,20250219,180000,30.58,30.76,30.3401,30.475,40369,0
EDR.US,60,20250219,190000,30.53,30.62,30.45,30.53,24501,0
EDR.US,60,20250219,200000,30.549,30.6855,30.3,30.6855,39458,0
EDR.US,60,20250219,210000,30.7037,30.84,30.52,30.84,18286,0
EDR.US,60,20250219,220000,30.95,31.01,30.8,30.87,58534,0
EDR.US,60,20250220,160000,30.6,30.66,30.51,30.51,2325,0
EDR.US,60,20250220,170000,30.5112,30.82,30.5112,30.82,3469,0
EDR.US,60,20250220,180000,30.88,30.935,30.79,30.79,2883,0
EDR.US,60,20250220,190000,30.76,30.955,30.44,30.67,56170,0
EDR.US,60,20250220,200000,30.79,31.15,30.78,31.15,7226,0
EDR.US,60,20250220,210000,31.175,31.22,31.06,31.15,9333,0
EDR.US,60,20250220,220000,31.125,31.165,30.63,30.79,77702,0
EDR.US,60,20250221,160000,30.79,31.25,30.79,31.25,563,0
EDR.US,60,20250221,170000,31.15,31.25,30.84,30.84,3976,0
EDR.US,60,20250221,180000,30.8528,30.8528,30.8,30.8,1425,0
EDR.US,60,20250221,190000,30.78,30.82,30.78,30.82,727,0
EDR.US,60,20250221,200000,30.75,31.05,30.65,30.965,8623,0
EDR.US,60,20250221,210000,30.94,30.96,30.35,30.64,117588,0
EDR.US,60,20250221,220000,30.6,30.76,30.4,30.75,144013,0
EDR.US,60,20250224,160000,30.6,30.7,30.27,30.345,22979,0
EDR.US,60,20250224,170000,30.35,30.35,29.72,30.06,110780,0
EDR.US,60,20250224,180000,30.05,30.22,29.85,29.965,100246,0
EDR.US,60,20250224,190000,29.965,30.17,29.94,29.98,103746,0
EDR.US,60,20250224,200000,30.01,30.07,29.96,29.995,78702,0
EDR.US,60,20250224,210000,29.98,30.06,29.86,30.005,90893,0
EDR.US,60,20250224,220000,30.005,30.25,29.84,30.04,135165,0
EDR.US,60,20250225,160000,30.39,30.475,30.38,30.475,3300,0
EDR.US,60,20250225,170000,30.48,30.55,30.21,30.21,14773,0
EDR.US,60,20250225,180000,30.17,30.17,29.88,30.005,132478,0
EDR.US,60,20250225,190000,30,30.42,29.96,30.34,63416,0
EDR.US,60,20250225,200000,30.35,31.35,30.29,31.23,102296,0
EDR.US,60,20250225,210000,31.2,31.2,30.805,30.805,14288,0
EDR.US,60,20250225,220000,30.805,31.15,30.74,30.88,137059,0
EDR.US,60,20250226,170000,30.89,31.105,30.79,31.03,3550,0
EDR.US,60,20250226,180000,31.07,31.29,30.99,31,18239,0
EDR.US,60,20250226,190000,30.97,31,30.83,30.895,9349,0
EDR.US,60,20250226,200000,30.98,31,30.84,30.99,29166,0
EDR.US,60,20250226,210000,30.96,31.04,30.93,30.99,15584,0
EDR.US,60,20250226,220000,30.97,31.37,30.81,30.81,144876,0
EDR.US,60,20250227,160000,30.98,30.98,30.35,30.43,4890,0
EDR.US,60,20250227,170000,30.4713,30.55,30.21,30.31,18171,0
EDR.US,60,20250227,180000,30.36,30.5,30.11,30.425,36432,0
EDR.US,60,20250227,190000,30.35,30.52,30.25,30.39,11659,0
EDR.US,60,20250227,200000,30.405,30.44,30.28,30.39,10264,0
EDR.US,60,20250227,210000,30.42,30.4995,30.26,30.37,40658,0
EDR.US,60,20250227,220000,30.44,31.14,30.32,30.76,114559,0
EDR.US,60,20250228,160000,31.41,31.41,30.1122,31.24,31174,0
EDR.US,60,20250228,170000,31.19,31.51,30.9243,31.17,44209,0
EDR.US,60,20250228,180000,31.26,31.75,31.21,31.615,55415,0
EDR.US,60,20250228,190000,31.635,31.68,31.0675,31.19,46810,0
EDR.US,60,20250228,200000,31.02,31.1,30.93,30.93,18520,0
EDR.US,60,20250228,210000,30.87,31.61,30.87,31.41,27299,0
EDR.US,60,20250228,220000,31.41,32.59,31.29,32.59,440849,0
EDR.US,60,20250303,160000,29.86,29.86,28.52,28.67,1129403,0
EDR.US,60,20250303,170000,28.665,28.9,28.61,28.76,714227,0
EDR.US,60,20250303,180000,28.76,28.85,28.57,28.75,877322,0
EDR.US,60,20250303,190000,28.745,29.03,28.74,28.87,459222,0
EDR.US,60,20250303,200000,28.85,28.94,28.8,28.84,1227012,0
EDR.US,60,20250303,210000,28.84,29.07,28.75,28.755,505161,0
EDR.US,60,20250303,220000,28.755,29.1,28.71,29.09,1026614,0
EDR.US,60,20250304,160000,28.98,28.98,28.32,28.705,273235,0
EDR.US,60,20250304,170000,28.705,28.8,28.51,28.75,190100,0
EDR.US,60,20250304,180000,28.75,28.9,28.69,28.84,139164,0
EDR.US,60,20250304,190000,28.84,28.86,28.7,28.73,334158,0
EDR.US,60,20250304,200000,28.73,28.855,28.73,28.82,128216,0
EDR.US,60,20250304,210000,28.81,28.92,28.775,28.785,92920,0
EDR.US,60,20250304,220000,28.79,28.86,28.75,28.85,344681,0
EDR.US,60,20250305,160000,28.7,28.925,28.65,28.775,48940,0
EDR.US,60,20250305,170000,28.78,28.84,28.73,28.82,85465,0
EDR.US,60,20250305,180000,28.82,28.85,28.8,28.81,165147,0
EDR.US,60,20250305,190000,28.81,28.85,28.8,28.835,157825,0
EDR.US,60,20250305,200000,28.84,28.87,28.81,28.83,88389,0
EDR.US,60,20250305,210000,28.84,28.89,28.75,28.8,546645,0
EDR.US,60,20250305,220000,28.8,28.87,28.8,28.85,461697,0
EDR.US,60,20250306,160000,28.7,28.86,28.61,28.66,82771,0
EDR.US,60,20250306,170000,28.685,28.89,28.64,28.8,147543,0
EDR.US,60,20250306,180000,28.795,28.865,28.7,28.755,119047,0
EDR.US,60,20250306,190000,28.77,28.85,28.735,28.825,94544,0
EDR.US,60,20250306,200000,28.8,28.85,28.8,28.82,268498,0
EDR.US,60,20250306,210000,28.825,28.83,28.7,28.78,332760,0
EDR.US,60,20250306,220000,28.78,28.93,28.78,28.85,363665,0
EDR.US,60,20250307,160000,28.61,28.72,28.55,28.68,50166,0
EDR.US,60,20250307,170000,28.685,28.685,28.55,28.665,22110,0
EDR.US,60,20250307,180000,28.65,28.74,28.55,28.6,54056,0
EDR.US,60,20250307,190000,28.62,28.73,28.55,28.55,133612,0
EDR.US,60,20250307,200000,28.55,28.65,28.53,28.6,94089,0
EDR.US,60,20250307,210000,28.615,28.68,28.6,28.65,100105,0
EDR.US,60,20250307,220000,28.67,28.68,28.4537,28.53,306645,0
EDR.US,60,20250310,150000,28.55,28.7136,28.55,28.55,12325,0
EDR.US,60,20250310,160000,28.5502,28.595,28.36,28.595,57664,0
EDR.US,60,20250310,170000,28.605,28.835,28.605,28.745,8838,0
EDR.US,60,20250310,180000,28.7773,28.7773,28.665,28.76,15551,0
EDR.US,60,20250310,190000,28.72,28.77,28.67,28.735,18866,0
EDR.US,60,20250310,200000,28.735,28.765,28.59,28.6,56027,0
EDR.US,60,20250310,210000,28.6,28.66,28.56,28.6,312249,0
EDR.US,60,20250311,150000,28.575,28.86,28.55,28.77,12992,0
EDR.US,60,20250311,160000,28.715,28.8,28.59,28.61,17248,0
EDR.US,60,20250311,170000,28.6,28.74,28.6,28.61,10467,0
EDR.US,60,20250311,180000,28.7316,28.7316,28.6,28.7,28007,0
EDR.US,60,20250311,190000,28.67,28.77,28.65,28.75,54295,0
EDR.US,60,20250311,200000,28.75,28.8,28.69,28.75,33644,0
EDR.US,60,20250311,210000,28.76,28.8,28.675,28.78,338923,0
EDR.US,60,20250312,150000,28.6778,28.75,28.605,28.665,79619,0
EDR.US,60,20250312,160000,28.665,28.79,28.63,28.75,31744,0
EDR.US,60,20250312,170000,28.74,28.94,28.67,28.71,51851,0
EDR.US,60,20250312,180000,28.68,28.86,28.67,28.755,52679,0
EDR.US,60,20250312,190000,28.74,28.85,28.68,28.68,57380,0
EDR.US,60,20250312,200000,28.7,28.82,28.6675,28.76,59373,0
EDR.US,60,20250312,210000,28.76,28.91,28.7,28.79,476252,0
EDR.US,60,20250313,150000,28.4,28.94,28.36,28.6876,3632,0
EDR.US,60,20250313,160000,28.8,28.91,28.67,28.8,25544,0
EDR.US,60,20250313,170000,28.81,28.88,28.76,28.81,42792,0
EDR.US,60,20250313,180000,28.81,28.85,28.775,28.825,47776,0
EDR.US,60,20250313,190000,28.85,28.92,28.8,28.84,36482,0
EDR.US,60,20250313,200000,28.84,28.87,28.8,28.81,20937,0
EDR.US,60,20250313,210000,28.81,28.94,28.8,28.85,177777,0
EDR.US,60,20250314,150000,28.795,28.97,28.63,28.855,4225,0
EDR.US,60,20250314,160000,28.81,28.915,28.75,28.855,60143,0
EDR.US,60,20250314,170000,28.855,28.905,28.82,28.84,16364,0
EDR.US,60,20250314,180000,28.84,28.915,28.82,28.89,47944,0
EDR.US,60,20250314,190000,28.9,28.91,28.85,28.88,84736,0
EDR.US,60,20250314,200000,28.88,28.93,28.78,28.82,139904,0
EDR.US,60,20250314,210000,28.81,28.88,28.75,28.76,468364,0
EDR.US,60,20250317,150000,28.75,28.89,28.675,28.875,55424,0
EDR.US,60,20250317,160000,28.875,28.97,28.86,28.88,135020,0
EDR.US,60,20250317,170000,28.88,28.935,28.875,28.885,89908,0
EDR.US,60,20250317,180000,28.885,28.9,28.78,28.82,103289,0
EDR.US,60,20250317,190000,28.81,28.86,28.8,28.86,40975,0
EDR.US,60,20250317,200000,28.86,28.88,28.84,28.88,36524,0
EDR.US,60,20250317,210000,28.875,28.88,28.77,28.77,322711,0
EDR.US,60,20250318,150000,29.1,29.14,28.81,28.9,3124,0
EDR.US,60,20250318,160000,28.91,29.07,28.82,29.03,9746,0
EDR.US,60,20250318,170000,29.03,29.06,28.89,28.89,11024,0
EDR.US,60,20250318,180000,28.94,29.07,28.84,28.95,20008,0
EDR.US,60,20250318,190000,28.9354,29.04,28.9,29,37910,0
EDR.US,60,20250318,200000,29.02,29.07,29,29.015,20809,0
EDR.US,60,20250318,210000,29.02,29.03,28.76,29,507023,0
EDR.US,60,20250319,150000,29.0317,29.15,29.0317,29.125,510,0
EDR.US,60,20250319,160000,29.07,29.07,28.795,28.93,102928,0
EDR.US,60,20250319,170000,28.94,28.94,28.79,28.83,61912,0
EDR.US,60,20250319,180000,28.83,28.88,28.81,28.86,18296,0
EDR.US,60,20250319,190000,28.86,28.87,28.84,28.865,14667,0
EDR.US,60,20250319,200000,28.86,28.96,28.81,28.91,67606,0
EDR.US,60,20250319,210000,28.91,29.07,28.89,29.05,605437,0
EDR.US,60,20250320,150000,28.67,28.89,28.62,28.88,11765,0
EDR.US,60,20250320,160000,28.875,28.885,28.75,28.77,185367,0
EDR.US,60,20250320,170000,28.77,28.86,28.76,28.86,59478,0
EDR.US,60,20250320,180000,28.85,28.86,28.8,28.81,37451,0
EDR.US,60,20250320,190000,28.805,28.81,28.78,28.8,290607,0
EDR.US,60,20250320,200000,28.8,28.84,28.8,28.825,178694,0
EDR.US,60,20250320,210000,28.82,28.875,28.8,28.83,1022865,0
EDR.US,60,20250321,150000,28.945,29.01,28.8,29.01,44310,0
EDR.US,60,20250321,160000,29.005,29.03,28.925,28.925,189406,0
EDR.US,60,20250321,170000,28.925,28.96,28.56,28.57,1137668,0
EDR.US,60,20250321,180000,28.57,28.7,28.5625,28.665,1548885,0
EDR.US,60,20250321,190000,28.66,28.815,28.59,28.815,1149849,0
EDR.US,60,20250321,200000,28.82,28.905,28.73,28.89,333201,0
EDR.US,60,20250321,210000,28.89,29.6,28.57,29.25,31502938,0
